name,0,500,1000,1500,2000,2500,3000,3500,4000,4500,5000,5500,6000,6500,7000,7500,8000,8500,9000,9500,10000,10500,11000,11500,12000,12500,13000,13500,14000,14500,15000,15500,16000,16500,17000,17500,18000,18500,19000,19500,20000,20500,21000,21500,22000,22500,23000,23500,24000,24500,25000,25500,26000,26500,27000,27500,28000,28500,29000,29500,30000,30500,31000,31500,32000,32500,33000,33500,34000,34500,35000,35500,36000,36500,37000,37500,38000,38500,39000,39500,40000,40500,41000,41500,42000,42500,43000,43500,44000,44500,45000,45500,46000,46500,47000,47500,48000,48500,49000,49500,50000,50500,51000,51500,52000,52500,53000,53500,54000,54500,55000,55500,56000,56500,57000
Adephagia(K1),0.41969685703845938,-0.26484910207318685,0.067242426989595525,0.42876959865852837,0.45088794714463565,-0.035627238768844709,-0.44070663748527739,0.51972202878783802,0.90664216327309421,0.073671096156677565,0.34812959300486696,0.47843432436715461,1.3139634138006879,1.0892809673034898,1.0068067387675117,1.137281550210532,0.25052927500508204,-0.66395075588598107,-0.78300715050467395,-1.2180856218121365,-0.80340060270980684,-1.5428008909069924,-0.89528477224180769,1.1803672983653095,1.8864096522072662,1.3638213158184072,0.62054654673176246,0.51808980879507815,0.044744776291056852,0.77061592414285329,0.054476070468617195,-0.063175049413079512,0.077414359393308596,-0.62788461125987738,-0.57629007598609183,-0.5177738577080061,0.21793853273924896,-1.2220185250924862,-0.82912675899741117,-0.86422903377731886,-1.138170043643006,-0.88070162094661009,0.20262827015592741,0.68381293826832856,2.3245415702109575,2.3208060553606153,1.9777829053119096,1.3210436533833629,0.3522851560951677,0.64454596526597674,0.47119347266448169,-0.49671433336449777,-1.0044945613339766,-1.4061797791113597,-0.67705082534314953,-1.0860855270242724,-0.9237470466072234,-0.43644238427908705,0.23755648316792519,0.70343055957782641,1.1127286181356206,0.72227918041448691,-0.49446942241033082,-2.1380018957089209,-0.76359030343636314,-0.86870354106231695,0.39058432694707135,1.3560939103725795,1.6602499751827602,0.76061545039082978,0.33397319282374227,0.20432236097811146,-0.15343598613691159,-0.59522895372315809,-1.1990380579136792,-0.68643395641553551,-0.041203845244741036,0.28681763515585385,0.26669950849606916,-0.38824357341009008,-0.86480132886358263,-0.59154273095315768,0.041042759821994054,-0.77594588193638225,-0.15880713259539897,-0.44263718029747645,-0.10508696542044771,-1.0862146195990037,-0.72359473258479334,-0.90996873123403998,-0.88539803659514671,0.13893631030591452,0.57635619623039647,0.7757909855546351,1.3124115877126008,1.7593942940300982,1.749304501905169,1.0985657682717338,1.0540349269999731,0.62135004439204977,0.6119978274025627,0.88310481529851292,2.2703085393122855,1.1663603974969967,-0.79571525152516231,-1.4994742878676093,-1.7280444693893511,-1.720722646938242,-1.4441687180432854,-1.605541308528738,-1.7962824406173754,-1.892043445288216,-1.2779656275479068,-0.63323631625831023,0.044905785266172921
Amelie(K1),0.09158552141499933,-0.37382372648790735,0.14631631520158517,-0.28702593197397563,-1.4975078468306442,-0.56854541724104757,-0.25547359101966965,0.03783227811501258,-0.065602914871124102,0.44464905812332806,0.45949244288326252,0.77570350370081753,0.33997115136907069,0.44943873536818224,-0.58818526857742626,-0.44586346814418226,-0.95922479111934911,-0.92199123238317882,-0.49876750031586714,-1.1535363765945106,-0.2991280640438394,0.25992275532373454,1.4035910522085948,2.4548281449639258,1.9137380160444784,1.6540228566649502,1.496885995275405,1.0323035698541561,0.60689731471496233,-0.37249433967279622,-0.47224073180826798,-0.69730651694303936,-1.4501226966699157,-1.1890585398611513,-1.3036262693436311,-1.3893406776759201,-1.4835665928964514,-1.4214643690367146,-0.81977848684354082,-0.65617893193096288,-0.51680869395724638,0.43453476343430425,0.97160210402319058,1.9372905453134908,1.7725011164439375,1.0565504219968966,0.75444113591844808,0.44363903095155105,0.36062226101390432,-0.1799121367021187,-1.0048083624008146,-1.32494913392928,-0.88182441812013357,-0.84370475264765521,-1.1260843245883727,-1.2958437629798616,-1.2279109064821176,-0.42782897877873194,0.30900697548032363,0.82888296516662852,0.39158551582426177,-0.17476532673752734,0.16104032873258847,0.24053079051617346,-0.35155978584524156,0.41572750040469025,0.83304550682866341,0.50145260964921279,0.24904552577578698,-0.16575895615715089,0.3327116171997565,-0.55788525955071555,-0.60934492350117142,-0.17446044529341753,-0.52401545417149065,-1.16885851505245,-1.6143174066834036,-0.55485912479419774,0.16852813180457976,-0.034346345251365991,-0.96727089497127816,-0.72823761113530783,-0.93802668675969814,-1.0170967087470435,-1.0241348668657615,-0.95142863708419956,-0.20583989562904539,0.84874956092704057,2.4688472502686354,2.4122172472092438,3.5627049742273149,1.5319949629086602,0.85659084436901767,0.70773382142443342,0.78174699219951804,0.52420626446078478,1.1513357256646963,1.2048965596690935,0.67620563724196747,0.18391372012423046,-0.23787531326740122,-0.59491233519930198,0.35448188248022899,0.060380140544600766,-0.75202723776860192,-1.0733359344774187,-0.77780205966839022,0.14176633605839623
Anaya(K1),0.3244502796869973,-0.24072223696307352,-0.58056012998915363,0.010864348720417813,-0.2516004935217237,-0.23327041186068409,-0.36309004922117266,0.4010799693021096,0.92508072861975599,0.6657495414581116,1.0448835765891469,1.5473436510620855,2.4078780322470266,1.4310909018301781,1.6907340011433161,1.6732634360983827,1.0990293518847887,0.37118469980597696,-0.26698127662963084,-0.94256677486909068,-0.97752683081117164,-0.84794438297601993,-0.38696254410638797,1.5417432624474756,2.3921635474569403,1.7962117984849186,0.96654185222483924,1.3930342323295031,0.97393755928747983,1.3519273492343478,-0.21559449528622107,-0.52077856086668717,-0.52490843876100968,-0.99096977177509871,-0.49853777437190594,-0.84466533105950414,-0.10840362821590019,-1.4410364935614737,-0.276247235676368,-0.81086131422528496,-1.1693283129769478,-0.61463211448260358,0.64696612284704691,0.73885569897991377,2.2217049406245528,2.0857601204650322,1.3214373851350458,0.29512504554714353,-0.45512236699397801,-0.15312598848563666,-0.60164545961004645,-1.0838217772256573,-0.739858825561859,-1.3682179282615416,-1.3306157340917124,-1.3318830102950234,-0.31844776420353571,-0.60053688031435093,0.0036447536368183738,-0.11505888863041766,0.22267378804376903,1.6158796577182384,0.86023169612952022,1.0680483778457324,-0.02869642829770545,-0.78547166048396944,-0.67321467073178121,0.55976275294810229,0.57202741705552673,0.84432482510697704,0.74720503812882055,-0.077154548641030385,0.49023398065907259,0.55827555301355003,0.04614770412899212,-0.49642291842357922,-0.72079068005676361,-0.36762044519337628,-0.025554371106380768,-0.10498254648617263,-0.35060901473912387,-0.86434419602535884,-1.648389063210008,-1.7646131268365499,-1.0151880480011173,-1.1368315433636791,-0.099823656051871712,0.15402849326141388,-0.072128079665307016,-0.66755471342187078,-1.3532823079929577,-1.1998432125881238,-0.98772778882320511,-0.46423545559524099,-0.49238092297412439,-0.089937494047244035,0.54830613579230247,1.1011193402927235,0.91837953719642862,0.70573160734985463,1.5108398485039489,0.73771186269730715,0.53495823142751731,0.1399189412294147,1.6689501425031807,1.0813026915892583,0.22985629519550446,-0.79138350000786828,-1.6157067867442603,-1.4389896960791571,-1.3297348212828406,-0.36030465348515311,-1.9126083666819018,-1.2747112957666751,-1.7242524056904427,-0.65280664256081256,-0.44478181803007433
Angelica(K1),-0.23519842192593265,-0.9129334914959748,-0.68120533191335009,-0.19215419832853578,-0.204375511333209,-1.00955051353637,-0.7258054357394641,-0.58992644956631524,-0.3874617750059241,-0.27822924241538999,0.087356360399575658,0.32603645642664952,0.85769665410146845,1.3009092067235899,1.7297481572454625,1.6634209881229525,0.22644653033755457,-1.2459459510763751,-1.354786536635602,-1.2480097550921267,-1.5642675938529798,-1.6343112624052296,-0.96686612522604953,1.1214170061279689,2.0942612856227445,0.97558643460424033,0.61131245130951906,0.61764961328133039,0.36515194168202464,1.1042128956080359,-0.2351207574429495,-0.24068052686600075,0.15859565238738499,-0.55846299650936448,-0.74908747968847522,-0.20725818960127831,0.48331773936622041,-1.4707225987088701,-0.55330643044062755,-1.1176729087946142,-1.7868941808440733,-1.2662096702393077,-0.45194918026487502,-0.21011834277500521,2.2348421816313015,3.0019624595603975,3.0149286510467355,1.2374811854361492,0.45098655187227105,0.48746545469052949,0.10874919265367045,-0.10442719935506596,-0.58211699209776113,-1.3058850926951993,-1.183964333874447,-1.3916677707803777,-0.71112731653035688,-0.72674148602858979,0.0030651689915745794,0.64865979687402819,-0.38620933355027059,-0.34490747281004958,-0.29725636044277437,0.73087662976101908,0.4128481052217427,0.0484020479682159,0.21630833495141835,0.6907919974700204,1.3515847058065318,1.1086373051162441,-0.44890527375686495,-0.26443488533155463,-0.64959707652170329,-0.22176591612537391,-0.75350262862555428,-0.16132520117287485,-0.14513313669931951,0.16687496708322058,0.16263991411340314,-0.0087912141098483599,0.39960772249417553,-0.12970671626516814,-0.054984933462173223,-0.35392594918011744,0.52437569504348291,0.28546087266855863,0.45534998377704233,-0.7988563911110409,-0.44645547349564291,-0.33375227904587418,0.45280733746147589,1.2010840793779924,0.78140409286804635,0.52683505994577828,0.45120460077772134,1.602355603023166,1.5532652456980418,1.2712930833060405,1.9826619649951032,1.5818856333990992,1.1970162413569339,1.1124630281808756,0.64960539127530248,-0.48153588358868388,-0.903938050492477,-1.3195934057815781,-1.4840483702640617,-0.53999454305212813,-0.97222357129763204,-1.1826660963135918,-1.452971393598143,-1.6731897755559673,-1.4166348693328692,-0.25805313019456932,-0.26009927898043966
BarrelRoll(K1),0.2014168145778808,-0.43088278267824898,0.085205630054490555,0.3458093158179415,0.22571145215395622,-0.63130820012263689,-1.0614476502835304,0.081538420412640672,0.60378716537988963,0.16972627339757557,0.21698628944276713,0.40539749828860344,1.503316602613519,1.227912415329963,1.3228042454585698,1.0939734339610765,-0.22130697483269229,-0.9332256511133421,-1.198977478342234,-1.5030666480348231,-1.4194750785731429,-1.1321214473056278,-0.51745492343430111,1.4138139711738136,1.9003620935853973,0.79253766876433429,0.78604614882997359,0.64922795361949948,-0.0052290379915287451,0.45177353841764056,-0.63731952087322707,-0.16518712270139752,0.41566908743739944,-0.47110787525516062,-0.61329841279716613,-0.72424234569395385,-0.083909754063729317,-1.8001826400713119,-0.36897694768463341,-0.86655051583222853,-1.0920831128600441,-0.5313440296499532,0.20492143791661677,0.7385817144481247,2.166844315611085,1.9713879338527671,2.7270963404588291,1.9850282262570542,0.8919719004305523,1.1165677684918438,0.5980388191079582,-0.68014293127069436,-0.7270454826100663,-1.0482083405699498,-0.66638533866901561,-0.91782247425985442,-0.63431415109367306,-0.32401519701403264,0.36764292104281482,0.75602027491283963,1.0265457235751103,0.74118635567961577,-0.37975352031902004,-1.8351196984744553,-0.51064730042709616,-0.87336466307638461,0.34675520686730299,1.1762078396106672,1.3687344641769348,0.52396400710595969,0.18497767486471267,-0.12770847258625598,0.070271640457795631,-0.25569315229466588,-0.77224667394512936,-0.69801857702993797,-0.55933346621843771,0.16296010567666799,0.41459319086809193,0.16370425491605203,0.35211238465847594,-0.12157785778022426,-0.68629928740055868,-0.83054412596865268,-0.79295754667115226,-0.15597876209499814,-0.040840549875190757,-0.27789139463893053,-0.99577304158989188,-0.9757069184133812,-0.69550110391686837,-0.30948756915039954,0.33541961531754422,0.23269641511127148,1.0410495944358833,1.6167060580932426,2.0153642628844883,1.4563099836584037,1.1192164822125283,1.7356708835999544,1.1148787778387983,1.0137784981764841,1.0808809983537029,0.40130312598060891,0.027441950525203523,-1.154002798680229,-1.3225882820207016,-1.8065614493050384,-1.2377453165376111,-1.4898453638481033,-1.3679809689462041,-2.2548564635502806,-1.6938071448902687,-1.0234176604240499,-0.48796597013633014
BEEST(K1),0.19668915285048458,-0.15825880497875092,-0.081428093069600069,0.26082954318835633,-0.2382759093822388,-0.2508304564576459,-1.2179881092207896,0.13751426793687746,0.50954066296987177,0.77911314370128304,0.028414082256600175,0.3183330844069327,1.4333424819821048,1.4992951425281023,1.2047015080944801,1.1354761701888214,0.026188595240617615,-0.77184810070939902,-0.86564738409044972,-1.663869987045125,-1.1847281667978651,-1.7166217814382061,-0.31827361939478321,1.3721058486769611,2.2451831068031591,1.2938247347969214,0.873235829793788,0.38884231181363088,0.38727658752041244,0.71449097168759668,-0.28826324848418405,0.14016819396441227,-0.11356927376567308,-0.59739165896379898,-0.78953211191909778,-0.90808083416427443,0.2753962040268329,-1.8236424405965908,-0.36490768222026337,-0.76906035876747503,-1.1416307600507063,-1.0084466221496544,0.083045355907381796,0.85793416100026465,2.5081299338367748,2.2328473350352191,2.9017553347372269,1.8243835761845744,0.97417666407108716,1.0215561070066312,0.10031563152478261,-0.6831624456229205,-0.58884912432359771,-1.1898956793098121,-0.69377718316956949,-0.92751113409765795,-0.4954456100683261,-1.2615128886043954,-0.53011080104907782,0.26308354215935581,0.30567244983570924,0.45574621186063125,0.31933948481808,0.247027455351644,-0.4137921802454203,0.30826891546562529,0.32205160396301463,0.4228264788336602,0.7897224685184896,1.0519108149904584,-0.0018901759342351472,-0.53847201078327167,-0.30269151817354056,-0.58165893143389391,-0.84658285742230477,-0.9607319699514224,-0.43695147608053114,0.054130023360958936,-0.12185198880132907,0.18916847650152721,-0.80263186222590299,-0.40256848088500807,-0.33904835656681132,0.055267167163650197,-0.7691472506382353,-0.36180350044416881,-0.18227334215400892,-0.39463358651152342,-0.64488461548474874,-0.72824353528160057,-0.30559873518343467,-0.2480244681274322,0.2119218227156775,0.40925098554535344,1.3476937738441837,1.0159271829380285,1.4450676694678233,1.2311234322692206,1.1352602816133077,1.1679956919298735,1.1593334525425085,0.86935383725171278,1.256328288292607,1.636922322679738,0.79447189078479097,-1.4899591483325805,-1.7561127244987651,-1.77531504243325,-2.0846525322547551,-0.67113469896852684,-1.5270346545081361,-1.5317256467145142,-1.6049597835501996,-0.94935257852010324,-0.77268352640767068
CREW(K1),0.15592556773475277,-0.15686184210569501,-0.012404494086910925,0.28994986141011242,-0.14887815205762633,-0.21615341218114101,-1.1567079711003001,0.18655930030487552,0.55424056376745134,0.66463089082394256,0.0730427962685396,0.4008030533586428,1.5097234017511385,1.5714783052093426,1.2446811535382034,1.1335599725186885,0.08144637010405445,-0.71996597264342843,-0.74909879565525817,-1.6088832919769109,-1.1388780476629727,-1.65416014350245,-0.36098544820701173,1.340162461120292,2.193947648921676,1.2633870997583754,0.88225149366066413,0.43275280156862023,0.49129673619312109,0.70484192543037283,-0.26124372015179503,0.25609198535508848,0.13093356772739209,-0.4950140789598429,-0.68791537130177471,-0.83990173741398,0.24901833447991378,-1.7630798243160366,-0.39564607062442575,-0.74614074916881112,-1.0082177468442759,-0.84046025746681929,0.19481771222182778,0.86825511440399794,2.3264889293801141,2.0721877720920161,2.6276774996183585,1.6278273723808518,1.2836317700384257,0.97430559323011479,-0.03700452741027703,-0.47758780840275694,-0.49108022734481066,-1.1856029603699973,-0.5614041172408325,-0.82380589001668603,-0.098314685900637397,-0.12984699758173832,0.06662447095991042,0.58811218517824393,0.53861086248401324,0.43183047663013802,-0.39412419863549014,-1.2620210481351863,-0.2423429103810773,0.15219149230612683,0.59218763412718911,0.77078685660692925,0.90646128067570464,0.70118469352675195,0.045487178522570074,-0.063911436834395707,-0.29582811716543111,-0.85285775560939336,-0.98610248498448938,-0.61966086464049364,-0.53882737785662538,-0.11719319436709014,0.32603042263701837,-0.25684168833382875,-0.8909596590252894,-0.72677776561948282,0.023276773635102117,-0.5766979290838371,-0.44754107436243107,-0.40642261095920118,-0.15797554659851235,-1.1094816784211385,-0.67983051527750582,-0.83680251046396892,-0.50926274413790695,0.094555121932109326,0.79231134251051882,0.20003700544829284,1.5430532929727465,1.4439094860580153,1.7360122098191164,0.82669774242540639,1.3479173001689415,0.85245573965211607,0.63931499643216605,0.69723674522646817,1.9975933746712677,1.0443584633532026,-0.30226277446063554,-1.2328387378349361,-1.9318109056064874,-2.181414156576682,-1.65761931739307,-1.9355671182935303,-1.5344670109388279,-1.5527822526539337,-1.4754959067275644,-0.83279148139643722,-0.7703970878608144
CrimD(K1),-0.041516560293008972,-0.18407340021873472,0.34339519039676536,0.72347391339904166,0.14744808401344259,-0.51031389140389694,-0.68220367591813613,0.21550133817815692,0.75151434867709521,0.51797399286751866,0.27890810093679985,0.5449984550286725,1.3837557045649134,1.3131995737999707,1.780025849512666,1.794610139335191,0.50252726443810047,-0.65166126032712723,-0.69480064537693165,-1.2011729387055343,-1.5293844210491314,-1.0958677689652636,-1.0089845541465237,0.45515678099013512,1.7384398565670138,0.68926052057087295,0.52007738827168637,0.50757189509267209,-0.42997880318736731,0.38547785585064509,-0.61958242992834789,-0.77167769885295134,-0.38155075831701246,-1.0179836946386662,-0.75427659006562375,-0.49699502831774905,0.0016085426912006246,-1.4136832122644052,-0.72741299176987528,-1.219181771906187,-0.77896400559746171,-0.62491076140582591,0.11180341377501922,0.97303102740466052,2.4296677484883595,2.2753486712439401,2.0073410339279945,0.64380209899341967,1.0968863635625883,1.0751370420070965,0.26648935008964469,-0.55344967455341698,-1.1293281853087078,-1.3084688802969329,-1.0796615687803104,-1.7998781333144778,-1.7758177636164134,-0.97235791301099539,0.2463217679345315,0.98496732072211635,1.3164753907198476,0.9263236114523592,0.12197766898511879,0.37906465041924203,-0.179352845960666,-0.018450634835606723,0.40517154545455414,0.63612678965730252,1.5319117489671965,1.2089961236477298,-0.13006214823128179,0.8124605522815963,0.030371077481685341,-0.023459330664335438,-0.24391954779148808,0.10122203107437983,-0.26946524525320459,-0.64981287112042518,0.032021224237579943,-0.6896691203990839,-0.45462506110623008,-1.2301083052956536,-1.1413964758717043,-0.74878347779611543,-1.0920847120880652,-0.45771246403842381,-0.42682465232696215,-0.4484921505256475,-0.063218165938017476,-0.419730429695299,-0.56342982738072145,-0.24119962440550394,-0.93976028545034118,-0.5541760610136407,0.015485504825550306,1.2472514937093033,1.6182516817484016,1.7225707434106228,1.7599377045785913,2.0665170735339782,1.5520131987957626,0.66578603494602218,0.7064573022867896,1.2613377973366617,0.16030798125021778,-0.60798165944704097,-0.8509323449704923,-1.4524443154002948,-1.6739536494616936,-0.94077782922466791,-1.8249289768431092,-1.5060560462710157,-1.6928711385913331,-0.061034369727256912,0.068093184529492992
Emerson(K1),0.25502322484905365,-0.5700925291815806,-0.51939144752649313,-0.033937411457329918,-0.27629941504929095,-0.50810611145478957,-0.97890089836844685,0.39506649363013696,0.50425647289117015,-0.2353817847209628,0.18328503162125581,0.44423405119960691,1.728969479541504,1.5129986968183708,1.3695582069176671,1.4036548956183732,0.54672097810822584,-0.81264762494121889,-0.88746948171323492,-1.8237020647770339,-1.6791416315116254,-1.1063766893139364,-0.48288027753200657,1.4064860645703321,1.9691553035799965,0.93667976856247603,0.8876384633117812,0.8513338112583726,-0.088330401977133807,0.46434481401080702,-0.71619472677328366,-0.4218764687814659,-0.057613573934005707,-0.74308212699628351,-0.90009285135911909,-0.8711752473556249,0.13623003070035811,-1.626684676303914,-0.36358281089494832,-0.80275055508327731,-1.0068561916063088,-0.39297654299305679,0.20964179153437396,0.70444961259079364,2.3290662250588681,2.7402491542249439,2.7000584892970592,1.9341074517812396,0.69795978879666665,0.73523669380758172,0.42270099256748811,-0.3737121768421392,-0.82659048928322909,-1.3436510102567101,-0.71092635749307298,-1.0253609220050726,-0.78384906767210227,-0.27956358630385963,0.34132575124656783,0.82870528396914567,1.0150589921941222,0.75155117626663304,-0.4134481461494327,-1.9149865804134343,-0.56574043263726892,-0.7329010205781582,0.48724315324469203,1.3844947253675979,1.5317196741587431,0.67878994898812273,0.27814977471071672,0.025205420959372067,-0.43300585166894007,-0.70080084160555867,-1.0954195477624502,-0.95642867273030074,-0.45734547590118824,-0.2991003152301242,-0.4230200162211924,-0.19341568474019238,-0.65017974297677505,-0.25528509474802924,0.17047662127217705,0.62100017947661346,0.56193368777990704,0.99485761217372148,0.10343773055098322,0.16641805932958278,-0.55041156674985003,-0.43428333296130689,-0.57040339777653037,-0.29686868323458587,0.33033670845344659,0.36055976249089466,0.67320837696431823,0.94926355696575515,1.5468126153052009,1.2711188586955944,0.82338355552100717,1.5932811995551781,1.0058965566265032,0.45190282500530843,0.90004725184021572,0.21743064282742211,0.14815921483241182,-0.93381440631416979,-1.4466683048012259,-1.7740423293556236,-1.3610006640167456,-1.0105762981494222,-0.90601009015815726,-1.2862271893978459,-1.3560293327540687,-2.1874008164262073,-0.77004091456139589,-0.45682300213741223
Homura(K1),0.15995131749600958,-0.16985512030654942,-0.028320022323909282,0.27394649670386445,-0.15524918670877411,-0.23720357446271806,-1.1379569878178624,0.15903497370748995,0.55890787532915331,0.7333469780446682,0.14132337891643407,0.39512488769792242,1.4733252350371613,1.5261568739826026,1.2702208783150455,1.1535028439052482,0.12332778765074258,-0.68109976213182444,-0.80013679353734857,-1.6182350172365063,-1.108337831653148,-1.6036686405660532,-0.25775295549214727,1.3701638398958365,2.1526226941363653,1.2654100254281841,0.8245364886945683,0.38484332862933884,0.36222503350104962,0.60239623262242137,-0.30652716635707961,0.11455564839178799,-0.045934582825901696,-0.49264845191346301,-0.74111266647401552,-0.85787246518604121,0.23084473983511317,-1.7601934586401828,-0.42733742067016078,-0.75253726434331225,-0.99282958572439439,-0.82710832214735763,0.18186432751704876,0.8952948009895717,2.5789391749369202,2.3176517212557135,2.9675776367306179,1.7587227476772636,0.89773068025935021,0.81633751520650788,0.073143598605270838,-0.44068344755540367,-0.18755460673420424,-0.95552019631674179,-0.52751034736922076,-0.80622380975302166,-0.12316066189140222,-0.17536893938345657,0.040310529392019477,0.65610077023036117,0.49007451992265089,0.36594511750551473,-0.43362794791215498,-1.2654004066524533,-0.26475777940055528,0.12537882338200915,0.56530112649396991,0.74786758548779375,0.89602073351154465,0.6318513527438584,-0.0081296867939505881,-0.06487881835479424,-0.30499335447565207,-0.82134849704024293,-0.96870335254842943,-0.61894664196796689,-0.53179040570792424,-0.15722944789357388,0.33033219142612347,-0.2423117926638115,-0.84913561517777936,-0.83333857868792005,-0.073850977996034725,-0.69776983977401186,-0.44707743941220457,-0.40319164226694565,-0.12452125774365483,-1.1021477227423291,-0.67635354203050846,-0.83214478436600769,-0.52281748726092381,0.10330447483571507,0.79616817208325408,0.21890650518724927,1.4967785253836123,1.4678880595844137,1.655635863480539,0.80743601022236844,1.2160367209418133,0.80087357535736059,0.54111460829599922,0.68093541173293348,1.9926430350572859,1.0308070833236309,-0.30300927018232493,-1.2376505710450101,-1.8855440778326271,-2.1645344816412226,-1.6560931910535397,-1.9165622494792025,-1.4578461942898624,-1.5493335315877204,-1.4094079633648782,-0.77391669277936326,-0.60443602903314286
JAWS(K1),0.023382273439235775,-0.4123280666572231,-0.034761900850134898,0.42647807238820412,0.43587099186370365,-0.23763501333231526,-0.66767333917237259,0.083873090368030742,0.46717827076446572,0.083781727142952608,-0.20304781734903121,0.6095650751990046,1.457241420905472,1.2061488428043352,1.4171373919917971,1.6271489159117558,0.069952230193403228,-0.77755224226831099,-1.1003794743214299,-1.500963361131427,-1.3588894295817959,-0.93260574747633784,-0.45670518192670551,1.6692433663324129,2.1931011964249603,0.98228838120085149,0.90004572605337563,0.87086551810825996,0.046035326037605302,0.58483256084748991,-0.45657785783909477,-0.068352385061581436,0.46093865782897481,-0.44776209272513329,-0.50970336849534936,-0.65444135353140376,0.14065315708782425,-1.7457047000097867,-0.17171769947095183,-0.82309946477694562,-1.0534643619130499,-0.51835641205633975,0.20486732785428549,0.62209222218234661,2.1428329434293651,2.0726743345041072,2.898013507315365,1.8875454970169192,1.0528922523235571,1.1648634064877148,0.66598691961718814,-0.46908217232690747,-0.48498695537064707,-1.1640901781834743,-0.74064415848486198,-0.96715265988895405,-0.60215068365692759,-0.77277371699984454,-0.3284535421037289,-0.70387149577853803,-0.10813320805088648,-0.31189637654198615,-0.053526813494882655,-0.59110180676707769,0.58225537547654493,0.12294774264394047,0.48541652114170064,1.0956957869977642,1.1889780816920807,0.60095138807412973,0.27892419244009514,0.31090272095504001,-0.17430809576823905,-0.51512982923208994,-0.7805356524972189,-0.73054036605271411,-0.21943679299444407,-0.021395487569075961,-0.3279454224930759,-0.59061291116816805,-0.57071585801598745,-0.72954306154887805,-0.97412075708728585,-1.2218320142093844,-0.77866733845611424,-0.08529723731232039,0.66433775102250103,1.1505912133416309,0.1497632247299866,-0.96687490791039221,-0.74111263208306433,-0.79219887124551813,0.020255949165530834,-0.16509232676718577,0.81201964729572407,1.8519294379821085,1.9710188835402807,1.1546802604320321,2.1232441478092356,0.81119609665168868,0.74605795004486941,-0.0045168497576868957,0.87106393895295675,0.28553155900373683,0.0021347313037615289,-0.88198824831543488,-1.6580992370300109,-1.7971410062944966,-1.5221540431594613,-1.5069400111042368,-2.032559138258903,-1.8167762281571076,-1.5968284733090856,-0.93715375505910037,-0.17832561386983439
Joy99(K1),0.13935172470475124,-0.70955210256936119,-0.34583825882024599,0.0045413384753733195,0.062585636475664466,-0.65431092107975741,-0.74114896916867157,0.14615157082528238,0.85011071338834698,-0.27339168529096119,0.53867632640013807,0.73194251565773671,1.1315948061229901,1.2184213142271778,1.9380763687262588,1.4202790537441599,0.5845827603462711,-0.40665629145904009,-0.70013229660466048,-0.69063135399058995,-1.2134516602305296,-0.9512198438917252,-0.83784359470208847,1.4067701079850603,2.3467549628577364,1.2329427639259951,0.76072069320991542,0.5177547190662013,-0.18911808200117214,0.32730891274641127,-0.4546745024247022,-0.19918454081752501,0.42997022585619227,-0.4390502973518231,-0.58107785419511482,-0.67975776492104079,0.15167859057535171,-1.7479282111471832,-0.34048000356317532,-0.69632750542606958,-0.83300245599881384,-0.40698748000458584,0.35362982527219911,1.1396421675420443,2.1189428423689112,2.1972100684699427,2.5993216992418451,1.6429895958363714,1.2823439236139238,1.1082973198961783,0.015272281380259246,-0.36873793898845997,-0.35168126078824391,-0.98488122406114809,-0.58250447974526742,-0.9007365776045162,-0.30223895235551201,-0.54148234075544555,0.36222558077798611,0.41802887536497946,0.105982153157349,0.29469234410623968,-0.64859697484408751,-1.7531260517295775,-0.31851098315264376,0.086121124813245964,0.36202010762317594,1.1119027429945081,0.91878870189396578,0.27920414816226186,-0.15434833854264607,0.045902500483837497,-0.022773087466748252,-0.88333847839072155,-1.1410077291403342,-0.75076625688471821,-0.37301360740979211,0.33814774064221548,0.5772287974010416,-0.39465341077376753,-0.95384879940433553,-0.69670625053301494,-0.069874758799490178,-0.90889965265884254,-0.33693425645826575,-0.28628400063337639,-0.20228277814559112,-1.2838770128091572,-0.49360162093027171,-0.99190789986662931,-0.90250192685871844,0.14343287862276261,0.51555167106934185,0.25219727000251418,1.3658396949145692,2.0814992849667551,1.3137322050434201,0.76907835501254096,0.77131429516501626,0.68179796515992508,0.71322701522258425,0.98137142914366349,1.675336765520526,1.489588388858053,0.55816818278856839,-1.3825650369753193,-1.7656737491182906,-2.0538023048764087,-2.0567642080408599,-1.242442616656718,-1.7206336406657452,-1.3135550334624753,-1.8222320085061068,-0.76771848520402308,-0.79397563895328827
Murucutumbu(K1),0.9431520505950437,0.14374907384863583,0.8674254899992726,0.76947664133745874,0.038520210038682778,-1.0848034498235368,-0.84403624931216947,-0.69078422408137952,0.57007174547617667,0.65716683813013188,1.1682141163412574,0.64816547148702897,1.340937377849186,0.73502854235148862,1.1917073257967685,1.7575984463076806,0.57224709922544414,-0.44669813782604589,-0.35783444597671976,-0.61890096081822632,-1.2944773973709385,-0.53075034029492141,0.57458723463711603,1.6486288882692099,1.8434567049896922,1.388071186977696,1.5314338675970076,1.1350946309952441,0.0067392482264860909,0.50232187536644024,-0.59963279255699886,-1.122893188278538,-0.44332869796070301,-1.1022982791315172,-1.3103901929760045,-0.93858747661050435,-0.43222229411143548,-1.7676821641135503,-1.1156303942458419,-1.3133402268053069,-0.80949111110355942,-0.80150456514932777,-0.59795737958610562,0.77602992494629208,2.1234947541339899,2.6352254047055359,2.8735611742440574,1.4297170168728925,1.3204552323617718,0.92379493492848719,-0.44095034675293177,-0.84632328013680014,-0.90661812496201033,-1.5490592706427848,-1.480409153710879,-1.0540265432731821,-0.51315427212012932,-0.58771684531563662,0.59188078385600607,0.82057961358091336,1.2497174969333558,0.31333049859884576,-0.74506998370154409,-1.8688704320002014,-0.20481843024126092,0.11534899299522471,-0.15057082145311321,-0.59342494710255533,0.90472355237593727,0.80429441238283184,0.91120619567671224,-0.14605608111183296,-1.3539047381642892,0.091316929413744544,-0.30930220999565267,-0.37307660463945502,-0.30207912590031766,-0.4633306783021382,-0.39264689221236643,-0.096290776324205157,-0.19196642405205724,-0.45547327636582696,-0.67600093973939113,-0.83416180153085295,-0.92266873737635302,-0.91079048775601157,0.42564261219067345,0.34294003616155005,0.51714480001422936,0.2619201115139323,-0.35559509551521218,-1.1414610118597079,-0.56947563995619044,-0.20816698906346509,0.28283622160496819,-0.53788678590135086,0.42439552460416419,1.1702137266048751,0.9610359623378657,0.84528405553276464,1.5456066838040408,1.0619807971620874,0.75414442077126576,1.0268866089532467,1.228576812115757,0.85587089709579267,0.14310169006068058,-0.61319182843082853,-1.5154835658144874,-1.7787056814205411,-1.4489369726140657,-1.233568669537654,-0.75340868003811157,-1.0731792999783833,-1.0459026394432731,-0.4302261266391687,-0.46885776514761968
Sulley(K1),-0.35441996944181747,-0.7846440866481138,-0.53852845700883856,-0.14744621304535621,0.16551652677069179,-1.0060454640016887,-0.86890951627713153,0.11427179125588713,0.32790597630885443,0.29626519514413879,0.73063899163992407,0.97456589329381627,1.5436637046579913,1.5199498483879419,1.5794845094896246,1.4330521473870779,0.0071729319707622419,-1.2302510781939353,-1.2628924301881739,-1.299171376946739,-1.5528637651034163,-1.4807361746376693,-0.73990906935080614,1.2782575036814119,2.0687281281282845,1.0917082102543343,0.67510173637978421,0.59676265545059315,0.39135083120060177,1.1682882376771291,-0.19595834132160606,-0.23758245724723895,0.23958809910135109,-0.49285799575323602,-0.70029488229916448,-0.23166648547955165,0.51774843867387677,-1.3539294489716014,-0.40395701182446658,-1.045062569433973,-1.6952623140305052,-1.197207091544066,-0.37046570929059425,-0.062910341698919819,2.2736563623482779,3.0056269507574411,2.9323034226309699,1.173629123478503,0.3793636881347483,0.47672523603550643,0.035390689349774893,-0.12628425984243585,-0.58195693483316835,-1.1971283204044934,-0.9742928497137876,-1.4244953592828697,-0.8798174971409084,-0.82995886666018859,-0.0074848400373530031,0.56286930414990588,-0.18919437298805336,-0.66707824282476702,-0.55265960843166095,0.40547594660911135,0.10152265549600081,-0.15700798168982411,0.15422632200114259,0.2027521144103436,1.0355220186018905,0.9836217527408706,-0.24474595586167203,-0.14913719029582342,-0.099558699891362262,-0.17673329894875284,-0.30170539643505628,-0.3728761933427453,0.0074158601633919422,-0.22424253508700351,-0.46267490588778526,-0.77299314318144674,-0.067549508781123313,-0.22204185957273623,-0.02296815247201927,0.44757878301554654,0.87846697186019973,0.3797383764507371,0.6930938541656243,-0.51198876760966527,-0.40568616521492218,-0.60878125868780331,0.038732920254269498,0.67942895932588299,0.35715076269205775,0.059453131454159841,0.56410263021141849,1.7949808822247661,1.9584688434119333,1.4238205765902165,1.5327368957222374,1.2067223432610947,1.2789026051594896,0.46954778350979831,0.58092463684872242,-0.19227818996192741,-1.3424878463451024,-1.9562800417328243,-2.0707529887585547,-1.6447297424541107,-0.74907319663487448,-0.56587064727832048,-0.16708568887511613,-1.5521625019028917,-1.3081289782000984,-0.8350637881127162,-0.92604573480602004
Validus(K1),-0.53666738922459256,-0.71551438265819678,-0.83850171069482315,-0.73295526906823916,-0.76960253119566036,-0.90177663620317305,-0.94652366623026207,-0.19715126537258199,-0.48826130011698787,0.67636889907449704,1.0941795158661309,1.0057131479554227,1.5560585850518407,1.1970515312219778,0.78230944367805233,-0.28847100451503593,-0.025337011427917271,-0.46594245517028898,-0.10378910025958865,0.36749962718895623,0.71038796619682576,1.7512614174998984,3.0102787318301796,3.1087953114602329,2.3386743478394947,1.8958814190495141,1.7886664760953681,1.3310340129388631,0.63007283434455419,-0.60916444864589492,-0.66735090422333831,-1.2939362004133144,-1.8446165099234151,-1.3816850417004622,-1.0532179947797964,-1.4117543817648712,-1.1011182175697143,-1.0776958051498908,-1.0551337070850351,-0.49747893761156819,0.22052619624193651,0.5482551842482315,1.0080462073924277,1.2667677190754518,1.2005368648978012,0.66315978109547224,-0.21902959320381216,-0.30656707227820468,-0.57484010221327198,-1.1433387659694298,-0.83340862922872017,-0.55806716980630666,-1.1352113363483862,-1.3031223750230279,-0.62743761171843593,-1.1550176501179907,-0.46475226569059641,-0.2307605212836584,1.7679061405009795,1.523100828535183,1.3512141242695397,0.44048093507157687,0.080646790285575226,-0.34230110950152842,-0.18113289076485006,0.3052092951902915,-0.070624599935668997,0.61739484637900577,0.62365039515252729,0.4324632173876124,-0.0089362394682587463,-0.92149473664115489,0.25411286776501141,0.37501946813848108,-0.67555772627520427,-0.698147991182824,-0.58700877732716439,-1.8347165154974772,-1.3916275191333054,-0.70688798254601171,-0.46527813126267198,-0.45232394945097898,-0.15384743092229589,-0.91897150868886579,-0.43382444534338416,-0.74623747160325382,-1.3675437010047562,-0.46885638327432749,0.48481772474255952,-0.022498122026981027,-0.43399745768330183,-0.71160542440272079,-1.0956887860452165,-0.53366625016368885,-0.3847583537447623,0.80140455044857939,1.742572310556509,1.1800495211599615,0.99013755523118552,1.071143963104622,1.3453016072174442,0.95354826775386592,1.0154711463682573,1.265089799417348,0.8382315116391138,0.93838212400968835,0.3381239165342223,-0.66054778308694762,-1.1982365743069179,-1.2453563719527483,-0.89972683882164028,-0.32739281168677598,-0.36422423823309613,-0.22404906272315223,0.24332199654290182,0.24719051900312206,-0.69348804828097443,-0.86425319382423815,-0.14216341529608548,0.40466016334177418
