name,0,500,1000,1500,2000,2500,3000,3500,4000,4500,5000,5500,6000,6500,7000,7500,8000,8500,9000,9500,10000,10500,11000,11500,12000,12500,13000,13500,14000,14500,15000,15500,16000,16500,17000,17500,18000,18500,19000,19500,20000,20500,21000,21500,22000,22500,23000,23500,24000,24500,25000,25500,26000,26500,27000,27500,28000,28500,29000,29500,30000,30500,31000,31500,32000,32500,33000,33500,34000,34500,35000,35500,36000,36500,37000,37500,38000,38500,39000,39500,40000,40500,41000,41500,42000,42500,43000,43500,44000,44500,45000,45500,46000,46500,47000,47500,48000
Aglet(A3),2.7876891352533004,3.1865335061084314,3.5970971127211375,3.3252029907408986,2.4821812669405432,0.46215360807451783,-0.59877525046507785,-1.1842590073786727,0.45243848460912706,-0.31943723755855435,-0.066882563213488747,0.57519500070016094,0.36040694485726971,0.37678136820954783,1.1030012076001112,0.81463586366034169,-0.81447157589659558,-0.68618081921571505,-0.62761965955877952,-0.86346558527255945,-0.33467241398543052,-0.81626154707732224,0.36448440348545874,-0.076766513822030438,-0.50872466872281752,-0.82564855218674604,-1.0556216505132909,-0.86184134757627451,-0.49602544589855047,-0.51022703878259357,-0.039121241000312036,0.61806051269496853,2.0217503064493592,2.2072906111973731,-0.3169049433284617,-0.97595955030468551,-1.0887045164393248,-0.94453573673553182,0.32625989535528749,-0.23891319242038506,-0.35888474169595752,0.14806724483462183,-0.44839070150471905,-1.0478969921813055,0.30993094710932378,0.9872400179603289,0.091465411091717186,-0.34888140955033953,-0.85627338412534115,-0.69865498271334325,-0.81975677082598586,-0.1805803007578885,0.087595572279072262,-0.10168778611147369,-0.66832390018516197,-1.4005854829455595,-0.90971407991467812,-0.083236425429890917,0.73499221751948185,0.50589686689096414,-0.042059041587611021,-0.037442619560298977,-0.049485101869540186,-1.1027305257416806,-0.27205788448519996,-0.11939492895807818,-0.29500432773305474,0.68200134271383206,0.33846270256454331,0.11610665831948769,0.35985562518791553,0.2844104194423091,-1.0439341027902316,0.238025129840094,0.19099647065130423,0.060663290031828361,-0.23730883316876411,-0.054131974081582025,-0.82934123708185015,-0.76143442505404357,-1.1413762580701294,-0.93316974269297737,0.076831947401009168,0.056601800802478681,-0.24708825481992125,0.60791441823268733,0.074864210723712799,-1.6277409922622381,-1.725149323255726,-0.8009706233187176,-0.15342274376426751,-0.13382860915703565,-0.23355727632207135,0.92549027521195448,0.5596503985351825,0.32911000969333581,1.1871806453749447
BabyRatchet(A3),1.29400363355063,1.6435300463610834,1.6024557258375758,2.145935305401788,2.2106578029542212,1.0747846647313788,0.81523052341807623,1.3794154267740486,2.0182950121077576,2.3551576928881608,2.1417113321173415,0.96281217578240141,0.59488589687367777,1.0765368768599559,0.73525708857619954,-0.12350770968301555,0.32265509877357418,-0.53444085328577629,-1.3048144858099855,-0.29134765899461018,0.26034781717057487,0.5828413901687195,-0.33769941686691096,-1.4261882359052021,-1.6307289801820399,-1.1915678599119333,-1.305195340657245,-0.99260274190788966,-1.114074796814388,-0.15552506530797225,0.099786793109526165,1.2540287281885032,1.5970236718483073,0.82515209818505653,-0.91472352128523482,-1.5675443596037919,-0.95025146887121814,-0.61174220110870992,-0.40720968916186678,-0.90592454271099732,-0.59723391157237982,-1.1475474846341358,-1.5631887596708833,-0.69809600455659981,-1.046393068199319,-0.63075746699728275,-0.96354411569768783,-1.5984334175876243,-0.51559280602182311,-0.47610114753333643,0.40039438701105978,0.46829187586138749,0.19805590693808972,-0.02294679464185212,-0.60924020767783793,-0.59011324016333178,-0.81785879926265825,0.1477754124547738,0.062645822444641092,0.062134588842873276,0.15791873201424633,0.16296770097340924,0.16293322109325953,0.13685395458504013,-0.49799368556883433,-1.0376809893638916,-1.2992440274218211,-1.1736018822173522,-0.33230212220030186,0.10500247858932113,-0.086470631483922158,-0.029708231002483272,-0.96954328387855904,-1.0975283514172975,-0.31400264621655788,-1.2690520408945707,-0.81973920290594826,-0.27519287831197575,0.51933794995532145,-0.080409127262838706,-0.27401007292571122,-0.28430132181575124,0.14510667053616966,0.14556571846637664,-0.073206357225144333,0.0085755691030549603,0.089686570559494236,-0.39097712882878755,0.11704366027259022,-0.13919463228513446,-0.67227507028501443,0.49047881465013271,0.50134535479257791,1.3170094763438382,1.296883613866699,1.8177752741815025,2.6522822805826904
Bxz2(A3),3.2890296556356788,2.073419157885148,2.7915811638740791,3.6020467999699655,2.9061566524527787,0.42325305820623493,-0.23691029348757051,-0.30407302436021005,-0.040365421336041589,0.71440426695810844,0.34273299804120327,0.73812113172246752,0.21254599118524978,0.3285644073860623,0.23567023353146205,1.0082774910036192,-0.68271518857447944,-0.67128271392127548,-0.49845343859805946,-0.78848270825624323,-0.88469802219352722,-0.89858900322784496,0.38079508401587647,0.0081390086717070403,-0.22282127823218098,-0.60652634129252725,-1.014278189630184,-0.90695773935804158,-0.826176540910882,-0.4691688160885969,-0.10801608821326444,1.176149465306388,1.7613870983676727,1.9214896377878543,-0.026888915878136577,-0.79900291584647654,-1.3308561212263141,-0.88659939566918877,0.31460900445421608,-0.1018770371133787,0.10840974332422444,0.081473551968202634,-0.075821652601395118,-0.47890774489132426,0.33403284867615196,1.2174616714280677,0.76320940765092049,0.54550974396751006,0.55272073042342329,-1.3957876932831315,-1.7221347338617645,-1.5545884211772374,-1.5441701825317475,-1.2679003101981658,-1.0956513507937775,-0.77075401826314016,0.14778467554243224,0.13498267730162711,0.92179089336301168,0.69721871978272876,-0.10876320364206064,0.19806761182766849,0.69215984430611999,-0.50694923804280534,-0.28289817371293402,-0.073383825368548802,-0.52539400716741991,-0.010365786645891681,-0.31724497587392009,-0.29312966326346884,-0.29805582081500204,0.57761301954154609,-0.34765489724897458,0.6436314480013885,0.13784356376329629,-0.071770270223212071,-0.54678326213289563,0.085404307224371187,-0.48587608329086218,-0.42602198732277197,-1.1291856715325941,-0.76113671160149199,0.28665198921482893,0.010324340155986069,-0.5812304347596412,0.41379784872568653,-0.40429258135881457,-1.5444875956044992,-1.4803488149341197,-1.1879951124251116,-0.80281029829395478,-0.2278300277071989,-0.30985694745099074,0.22622295765572176,0.51859047812467829,0.21451539202796363,1.1961309209826609
DaHudson(A3),2.8680403773736529,3.2106711931106937,3.5286286713593578,3.230496207692092,2.570295001856119,0.43447740183385736,-0.59766067493898245,-1.1389121082348226,0.62408481311508079,-0.046657424758636205,0.12599754119718623,0.64485558249859498,0.24161561310649457,0.45007160779736149,1.1486230976709755,0.78177109924675725,-0.82784695991096813,-0.60633337148628308,-0.81069350840197374,-0.96658730879858279,-0.38786396350575536,-0.76499914883024511,0.32182501831775107,-0.1094447237899133,-0.55860586167733262,-0.77255953320854232,-0.97285315079414758,-0.92608004503594432,-0.57709133774965282,-0.0086802806427110808,0.096528345297971552,0.629177281282707,2.0403932546637984,1.8388878459457743,-0.38322969629896109,-0.93270361338998997,-1.1027328911019216,-0.98794629705499259,0.28592637588918207,-0.29367750310274671,-0.39986779791235139,0.095842372322176059,-0.39008864292964612,-1.1188401672986503,0.39919648617492742,1.0392723753058659,0.046954278527863921,-0.28293143687626537,-0.76603260739580792,-0.74141582367884307,-0.8938552475192878,-0.31877463769601988,0.098037057703133673,-0.074278957512402877,-0.56996215698251385,-1.266539511496972,-0.70421399421204012,0.003550263169298894,0.68114357859984276,0.32562626376473863,0.022481443592421758,-0.021756994393961233,-0.26530717441289509,-1.2385589907516827,-0.40938043255808354,-0.3370875342533442,-0.35520075298138576,0.50589741081317241,0.20494146943775229,-0.085649821387519837,0.1700344674601838,0.19648220505646199,-0.98307636505344353,0.35689410973902902,0.13500011237846402,-0.080675984328417993,-0.47830990736895157,-0.13495240948585294,-0.65710655287271047,-0.70194345053229124,-0.86795648884317533,-0.86415713783363779,0.077934476746461326,-0.0096433297923761603,-0.56655514843030663,0.035499513552246009,-0.16029472236479331,-1.6978552757243985,-1.7969915462527677,-0.86438008367325758,-0.2146974017858608,-0.10106851866729276,0.59747450756146414,1.0523389789925091,0.78276971013141983,0.86979155139383402,1.4230374462937063
EpicPhail(A3),3.611159524750291,2.3567811039925557,2.569778649350396,2.9035318619043058,1.7196810299951231,-0.70566000789239147,-0.44338107036796776,-0.62557893342226845,0.49033761897087741,0.030019087987130624,0.26587938877275152,0.95410419016269354,0.54003654021515013,0.52297837695324723,1.2164431833842775,0.94554045168199585,-0.86101497993248544,-0.78409872824822735,-0.89105886203953755,-1.0182288108566546,-0.38631566656334332,-0.8134192960209562,0.45534977748792888,0.029002436848124598,-0.59610163338957767,-0.88995677400754714,-1.0440105743014467,-0.76431207374334043,-0.48635230634300236,-0.16470076900326977,0.25438193326874303,1.14210292912192,2.5932427205101565,2.4756399230816815,-0.10953659289299027,-1.2008477708128207,-1.4246168664741603,-0.92922121987098949,0.56788884934883965,-0.17061428848109716,-0.13438521004007281,0.43183605966000926,-0.2713042473196659,-1.0643625511518386,0.51268295881973058,1.1421617974536775,0.17131881242831254,-0.22169122334886751,-0.74928285748058798,-1.0453589360614823,-1.3673073879523072,-0.6052215035231896,-0.1558226647480809,-0.40807014895130017,-0.66767867211152288,-1.2898629296664479,-0.78828515950249345,0.057368710500198802,1.1479574756473756,0.96866840684105426,0.0086172233852172975,0.054295323478387857,-0.10374862581068496,-1.3020981246594086,-0.46319044122948505,-0.21423939863137137,-0.33838382796600486,0.70544733488225864,0.32681167683565732,0.10767866687138779,0.32573327770918709,0.20473936966208245,-0.98024162412556071,0.41553036276845018,0.16110142480416495,-0.28245892024436497,-0.24148697345269318,0.063453442560573059,-0.76681738376316422,-0.67613777168689759,-0.80461843556810764,-0.88276757806012218,0.28765638264584703,0.071489028636024785,-0.3858510765541503,0.38601079828473933,0.097876778067278028,-1.8240044052970175,-1.4233361438662209,-0.98179913652461948,-0.49654876101867773,-0.30100565973512089,-0.61637682469273025,0.52385086019703664,0.59287536096723281,0.32412055696971981,1.4296101615446868
Farber(A3),3.0907387151928618,2.9751607274549365,3.4150004218077932,3.069867373891408,2.3785447996646325,0.27739699346362962,-0.70008134778605069,-1.2767701923023207,0.49696669549334466,-0.14275241333289992,0.048611396774894698,0.66775820536927211,0.10455630043070449,0.39063010479606031,1.1500137076708414,0.81432545259612754,-0.74972152399086711,-0.52797062249122206,-0.8799102750934692,-1.0575160210385475,-0.5384085349866472,-0.98179457967785555,0.10806753495564053,-0.21343947176998418,-0.61246655698572217,-0.81971695479665851,-1.1159309258569237,-0.92072032982942298,-0.6098536655792749,-0.02479990712076155,0.074327652389178239,0.68432300989260941,2.2603805367332046,1.8724102436319578,-0.46852634395728637,-1.0408774734992834,-1.2336263391977342,-1.0799532056491981,0.16982283265381917,-0.30828453612538331,-0.51273506626750409,0.014775841404774301,-0.51543358926780758,-1.2171745427463712,0.23309375936931609,0.95034766129579684,-0.16952175777953904,-0.42095963104751355,-0.87481713908282188,-0.86636588988693664,-0.95157696525877689,-0.22075334072164232,0.084311820180870203,-0.16464254558482605,-0.52205208091802124,-1.1706637192019667,-0.59424599906485898,0.21761661366439561,1.1624938275389263,0.79362583784550289,0.021088134188275931,0.16903938103883348,0.77625876226972024,-0.63576404490190819,-0.10061204097872598,0.21381388904239965,-0.34449647677805773,-0.20474823211366094,-0.0059594397270073991,-0.23134622603857324,-0.13962918789364406,0.50909695137458055,-0.15148743309614093,0.50132884849433335,0.16713837256915834,-0.27106014992029187,-0.69189923837263467,0.09998127137513399,-0.23669513617008492,-0.66230852053296052,-1.1435219085113266,-0.63425706879613009,0.23520428772576113,0.18765961989308488,-0.47819575684035565,0.23926350948735592,0.11677135626217304,-1.6397005126566921,-1.6280597519684556,-0.47368212766431811,-0.13860490704961975,1.0328749464664071,0.29903719422526837,1.2423670573314467
GingkoMaracino(A3),2.9361470611587426,2.4944890322453457,3.0614929311847106,2.819423114258635,2.5906093437790116,0.17268083660716946,-0.128624219918958,-0.9524563209250444,-0.16711674732713597,-0.43481442226960532,-0.20286392635868392,-0.47587668394887028,0.76214772730470348,-0.094566426368574236,0.88879504633574979,0.76006232787406502,-0.43902639297558566,-0.41137321526538406,-0.41206001326570679,-0.93386513460093312,-0.45760363946344007,-0.38817286652839361,0.72186521606856191,-0.15475468900928255,-0.66888524988063658,-0.70223347067734376,-1.0430056518506541,-1.0863577965157143,-0.43356517354057916,-0.50559944691589043,0.78443626592271398,1.1738040018330664,2.4945158781648908,1.4419778271102874,-0.69157089380086678,-1.384558720471764,-1.8215401879462456,-0.98640580815651802,0.24956481230837882,0.075841316934490755,-0.19351724743958718,-0.18354252403588392,0.14830726486271262,-0.70059966963198961,0.23461827156500811,0.91616282078533329,0.42749957603535571,0.053013548506023987,-0.77153397185663086,-1.1905543492899677,-1.6494072922483025,-0.81838622566778496,0.11684564986739798,-0.059389912998003475,-0.85998887721527106,-1.1487466633109469,-0.91106340127756014,0.14344015774054936,0.66402645346492584,0.19490532507944466,0.12448647612134102,0.32512525885961807,-0.16516282234742263,-0.68941985875659428,0.21770742445369598,-0.22003066888048897,-0.097723440940615316,0.81492844412717746,0.6039398709177366,0.25680276709389854,0.69060265803587495,0.79081117886580532,-0.16033074880315018,0.36783463960153839,0.072983189876771104,0.17905309854599258,-0.35377417975865799,-0.14286943558133461,-0.55744610816315732,-0.77395007694402029,-1.1610311065885512,-0.67069654059023198,-0.33113736118835202,0.33725145000428236,0.077562652535528284,0.58440198799169896,-0.24194280330027554,-2.1579671715236319,-1.7933556677839715,-0.66562822980068825,-0.32630074044517832,-0.20589016183564793,0.35703629900316008,-0.27099779298680116,0.094420985420033104,2.2276619607211874
Grum1(A3),3.3023027432483905,2.2118367593156827,2.4780929578738333,3.05511270287619,2.4760755388874736,-0.11042987542602356,0.017682197960619699,-0.67460162692436809,0.55257287161108015,0.0081741148852045951,0.18850481074555669,0.82396557154899353,0.42084880905827343,0.45414276541924942,1.2094167890151704,0.86465694166347462,-0.8870752882492684,-0.68643624818730753,-0.89925294623869978,-0.93624272325742641,-0.32586738755219868,-0.78619895121137473,0.37383990108579823,0.025952905821746378,-0.59268309891514903,-0.83411567586455782,-1.0438287148787559,-0.77449132568219003,-0.54345128426005818,-0.24432822843751906,0.21947227954714782,0.99279499546954686,2.6681831501605524,2.503714219566251,-0.2152440002105061,-1.6059118201105858,-1.3726033929867822,-1.1872658683851398,0.41776994751184365,-0.3579659841081464,-0.028797849547835503,0.41370806994410797,-0.57648468109991557,-0.93354757963404844,0.61755195582085243,1.2598385379566792,0.2467923666947848,-0.30200718060201348,-0.77616182562694169,-1.0523310217418982,-1.2275705261551471,-0.44553978625442381,-0.029852009184159266,-0.280131550403172,-0.58810606370296103,-1.2398536644519089,-0.77102296887091293,-0.10070192601446247,1.0779127905732031,0.93525401153949084,0.017553091469324184,0.1585405244248487,-0.098065294714451676,-1.240142544895358,-0.43807641502891786,-0.28810878526295086,-0.44096880467588495,0.65118685706953483,0.32400215897240536,0.051006774000445246,0.18512092154336668,0.21179358599266224,-1.173491553761459,0.2442758129269072,0.066251823400895082,-0.18665269357515071,-0.25630957926386405,0.092202737393016279,-0.60265919910868815,-0.68271587139279,-1.0304538676498867,-0.93701432151012676,0.066613408534271515,-0.16856129815021151,0.0039661358925331576,0.58979582367865757,0.23426988100455878,-1.6881309882408335,-1.5950181338777671,-1.0294643703391189,-0.33160688698096291,-0.25487163175183508,-0.28754260422622058,0.40251008496581586,0.39916817228737944,0.2469467448065267,1.3985826744177094
HelDan(A3),2.0468798916049367,1.2528024814570942,1.8802313548025069,3.0641147098042083,2.7753600252585189,1.232287631376819,1.1477611680504671,0.38363104173749063,1.9867649145818778,1.8321349841406245,0.99465696790649272,0.58532800770546867,0.30618523853290414,1.1466544489698247,1.4145310029106954,1.0291033998295545,0.064739542798334743,-0.28926153362448986,-0.74727796045578421,0.24482858404524196,0.51951298295704518,0.0004541958075728981,-0.48124966210559833,-0.8861633584606865,-1.8597365086713515,-1.2542355063895112,-1.2805706881876953,-0.96476604293121848,-0.78077053079404124,-1.072629526290994,-0.13562926180677448,1.2648585656799183,1.7221655631112791,0.38261257993122283,-0.26268943633641345,-0.97906358846795927,-1.1365778516053691,-0.044414632548848164,-0.23380484492823581,0.20480309204003572,0.061918101871518846,-0.57691030956226996,-1.4676605375844118,-0.53699676809546992,-0.75307474836441146,-0.71798978752297404,-2.0219303859583202,-2.0706283095686642,-1.5552381004694047,-0.58299846249642573,-0.24168866712024936,-0.11614904448540604,-0.4232360374564012,-1.0980931348349618,-0.41558771267103883,-0.33950004434743314,-1.0041484529795277,-0.20648911390792737,0.12421453619081864,-0.19282944314384665,0.46357802968759032,0.65961824521587475,0.35105667081936615,0.079900378955097787,-0.14255221006895247,-0.78357810681099271,-0.91885207858445084,-1.6233888501264522,-0.58384962666033291,0.018866712054809321,0.14299798561877058,-0.14875278012240475,-0.9428292312569776,-1.3505552060554786,-0.44029779249702977,-0.62471682541742124,-0.53092274262006001,-0.12572625130754758,0.22929173934965077,-0.59635592652417235,-0.89636924565210829,-0.40993355896858935,-0.32086803612883513,0.17025839964832143,0.58479130566283088,0.93922762997061771,0.34395624937467567,-0.26263842970148532,0.20018906727076691,0.24435129686900517,0.64674259401047707,0.49961540534962345,0.648671075164864,1.1104512406685214,1.28109994264112,1.1489779112436111
Hercules11(A3),3.3651863938491067,2.1830546239658024,2.5224141549048231,2.8850129198437431,1.9167311189633851,-0.61632389032907386,-0.2174894105701832,-0.79689246257241886,0.60470183763202412,-0.10445944749706185,0.17998772843859778,0.68789075033081526,0.29575439103049017,0.44101736053197454,1.0221227257512875,0.95718585681058166,-0.75356526656713707,-0.76900233316772348,-0.83718071279632,-0.91486656590527871,-0.2810767495170482,-0.71391487488017746,0.43758592757542314,-0.063367903945819162,-0.64304317142221057,-0.99131181955902958,-1.3016457859067514,-0.81329279372577556,-0.45917899197290052,-0.09554107669644174,0.2486907193346489,1.168747099395725,2.6056504974352346,2.7291781410808773,-0.12387756324166781,-1.2551847673415393,-1.4948124602207851,-0.93526257872509,0.74044133958495273,0.097758329257437021,-0.21723326214911826,0.34838418390370379,-0.28069926004267398,-1.0304666970042888,0.55988308078667026,1.334880970967754,0.24258766302472218,-0.10483590759247138,-0.79207822724045862,-0.91283442529392533,-1.2458317955056963,-0.58239464548048414,-0.17928578153957131,-0.37230381668642304,-0.75545852132405289,-1.3353969429374886,-0.97773019084107227,-0.039323591157722125,1.1562233062339016,0.9955714824623314,0.031883749975115588,0.13224943296317371,-0.042763215060276076,-1.2451006572310035,-0.2887969697746765,-0.19259189032114649,-0.46275849727557267,0.59580716178166016,0.15827069933636209,-0.0045296714636168965,0.18163962791329238,0.21306937449220226,-1.0064417701309678,0.39292986368991772,0.13807551514404121,-0.1670961680011965,-0.19207120705168784,0.10598738145615941,-0.76659311580527356,-0.7160266902974719,-0.95766716675370234,-0.94136352416818259,0.2825465372119117,-0.053318281593120256,-0.11625369551449753,0.63624604798269346,0.15317141551985311,-1.7921958727439284,-1.5773797881839893,-1.1887625253259528,-0.50454953788965584,-0.20093272669826662,-0.20788044505914607,0.52732837938702493,0.56134458257509057,0.33201154533573257,1.4630331898392013
JHC117(A3),3.2887408802247369,2.1259334631850439,2.4615518475286078,2.8257157851413082,1.7084025801449252,-0.62355340534584147,-0.39498118330001081,-0.81943923201438884,0.522236502924465,-0.037896145203621466,0.30881047614548662,0.93266820626211899,0.5000097025835003,0.55584405676686521,1.2651440564724139,1.0827320826435447,-0.78866908683673465,-0.72381443653610744,-0.84271219976036649,-0.96000893527122844,-0.30801984051314013,-0.75629307099476806,0.41838304656887976,0.16239062043187399,-0.54839828810516955,-0.79692626123512533,-1.1240234731028989,-0.80212804236869628,-0.48357048260768842,-0.11017083007110058,0.28399346461917091,1.2498668747745361,2.8520011247211059,2.6330118530152022,-0.15004189620237646,-1.1968398298072993,-1.4017499907322557,-0.90197171206383442,0.52477672284682864,0.028266278364420038,0.010029777145189132,0.49513442766982857,-0.51874861485969093,-0.99413211016132641,0.6563653113898178,1.3725070293849682,0.21954034255780844,-0.25154018319825699,-0.76768518231383143,-1.0822855032119112,-1.1419151547056163,-0.3681150252963003,0.055086111297171877,0.004872244850276106,-0.84612290223236475,-1.4042159337438369,-0.90970700891897793,-0.2492854050842005,0.86467336592848543,0.74353296975473537,0.09818530354920238,0.2485499242576972,-0.064986277682448287,-1.1484911496441279,-0.26505132823031186,-0.29147268971158286,-0.34666718055212248,0.70601319903549165,0.33821209446532613,0.13522075840203529,0.30874661065039272,-0.089256867630893036,-1.4558429691367558,0.1673390875032299,-0.016904538796964599,-0.12724285362986737,-0.221646002009173,0.10787622232065509,-0.62469124553002509,-0.56793541870443642,-0.72726527976146982,-0.65099732623363549,0.35993565716344056,0.033824442587149645,-0.61648676648284917,0.030293917052612952,-0.066541460686255424,-2.0201305322183156,-1.9892489590215099,-0.96680876108435232,-0.34940908483117988,-0.26482604248338498,-0.32412622075001019,0.45099962177745689,0.43966788642954835,0.40398848010791216,1.5199159099646149
Jobu08(A3),2.1881899691280493,2.7444834000282263,2.9904775393590759,2.6396178136083273,2.1442073066733967,1.2445251189321529,-0.42437570453642559,-0.88642687690763433,-0.040399051233030336,0.31778476376786402,0.21855082141742593,0.754514703419919,0.15792638317727231,0.17086754825859335,0.82650316911316168,1.2860148372257889,-0.72649399911349544,-0.69969394631201942,-0.48129976571859218,-0.96333827324434673,-0.81040077591576565,-0.76912898393353069,0.18728880020939356,-0.25330305354055277,-0.48843985131873274,-0.14874315132890481,-0.81552285644394029,-1.0220189493918657,-0.72843582748734814,-0.47748837435444347,0.09066838651434718,1.1704594006038942,2.0169364483973191,2.4828651024246673,0.65428909751058983,-0.55795818989872581,-1.2732048517433094,-1.3841779858783752,0.24964771447363146,-0.12049767095945423,0.083150680517772815,0.1627725214001543,-0.27022939725780615,-1.2250773457318105,0.073438453301962137,0.0043974006821498506,-0.59964662839194705,-0.86779892755574028,-1.1870479228910709,-2.0715539163966716,-2.2100698923918887,-0.65876256746539985,0.17102599921664366,-0.21288925115139148,-0.73678757330853706,-0.98370408095729911,-0.50063126410015923,0.19641041346939853,0.84957469512271855,0.24641372672955603,-0.19457739564855281,0.40542908851367226,0.1075397962134203,-0.67071524601889176,0.19650529010632731,-0.094598202018791711,-0.34234825574880628,0.85699060802207916,0.34009620021454173,0.043786037237366245,0.93578864021939712,0.12364231768654935,-0.45659779339725248,0.074660382436914099,-0.24420553418789051,-0.40770347729886153,-0.43677128218833877,-0.21629929925028091,-0.27017622853959078,-0.028027126302392024,-0.86298955168679492,-0.3991432192823961,-0.028721945125123622,0.46653262458924338,0.41085497025597162,-0.35490091768376297,-0.85052597616508507,-2.4211412454529651,-1.6145231840335819,-0.75600334609286912,0.14883091968356588,0.21431780187536972,0.35721689021224284,1.3825543170086256,0.66394977371657748,0.61234543816025422,1.581472822147123
Lilith(A3),2.8444286832893759,3.0761210866114403,3.5250508159281226,3.2450685498855223,2.5617427683748675,0.44745210300783633,-0.60226658663530119,-1.2009933161094297,0.62360126596300891,-0.054059236112136755,0.10770535807820793,0.6849042717110958,0.20633197641269441,0.44796156192530556,1.1831710659285712,0.78044180111179595,-0.79344048828175617,-0.62700246148387428,-0.89429447420472552,-0.99574155287245858,-0.41369403909996344,-0.79262757384298577,0.28501293825511198,-0.11036491844153495,-0.57923983259727896,-0.82034801020798587,-0.97400353281638097,-0.9210925868779245,-0.57961391178505473,-0.014301731932861037,0.10668227301412692,0.67368517162136055,2.0515852697732111,1.8408817309096361,-0.38077942357405808,-0.95517649735550025,-1.1479778857491407,-0.98497127713871824,0.28276569966844861,-0.2997221486140077,-0.37367603948715034,0.14615419949384212,-0.38874426222016445,-1.1526197531118751,0.38031467410781655,1.0229112568129826,-0.018768158537031669,-0.32881400310495407,-0.78654852795659991,-0.78957118246407798,-0.93208741380082216,-0.25071552418049992,0.10697836305629774,-0.12898587485047608,-0.55028297471837417,-1.2583043593360581,-0.69656683146547593,6.8329035613305547e-05,0.61134481567917875,0.20384039173555002,-0.078127231802537611,-0.1816272508862001,-0.30930427881482764,-1.3473978009094079,-0.38185001746254849,-0.34002776111023003,-0.35703930877252471,0.65146381761754568,0.25526998750047242,-0.011216387105695048,0.2095559582299045,0.2651022822328965,-1.0178589360877157,0.35041179079370416,0.15488816275325681,-0.013021818432545178,-0.42192876321066747,-0.10578700136093903,-0.65435905794306559,-0.71813444343312616,-0.82113841802573506,-0.7577684551632029,0.21653946046452116,-0.0088333604786228637,-0.55159509905274395,0.065663037261299337,-0.1584411102986141,-1.5893984930655756,-1.8051988495656648,-0.79681725359865119,0.085748979201503386,-0.23462028539122426,0.5294245784530498,1.0347375950242164,0.76168820855201769,0.91363269071287989,1.5185548027503033
Mainiac(A3),2.6512878238884023,3.0827821727231401,3.5631269538745691,3.2820704289019043,2.5170090911244123,0.47097845804978805,-0.47576961881458513,-1.1509188229251286,0.39025155333280814,-0.26498443574754504,-0.037431604776284974,0.56120657141709007,0.34149658089183349,0.36432519213790326,1.0951942038955478,0.72022522622160046,-0.84907242483430279,-0.62043925454589255,-0.75513951813544888,-0.92436615028757607,-0.35439372564651755,-0.69948059157226561,0.38420375191371653,-0.065157529475739426,-0.48956933088290094,-0.7335017151402905,-0.89051471264086568,-0.71699480185882258,-0.44525801254432817,0.06242653624392254,0.19741977963910412,0.69029174011034633,2.2327858170104564,1.9886556822285293,-0.32626915306983917,-1.1601145901167447,-1.3692883043229482,-1.0472410181720928,0.2762276588146298,-0.27706251529226972,0.016586711058021598,0.36090875569926684,-0.41225280598364261,-0.91449791235991429,0.4434399439676977,0.99780434701757581,-0.20615518048644799,-0.24134726518734043,-0.69009124208726713,-0.99651447070946575,-1.3306564889825965,-0.61282328846905276,-0.19401252505883962,-0.45282853949153135,-0.6353724535094224,-1.1842215821245483,-0.66271771451967465,-0.13076535956656937,0.91147951521912851,0.72659431408419139,-0.073265307680004041,-0.093254801348722313,-0.12010209809563367,-1.0329378715612394,-0.30534754021013982,-0.33059597534434781,-0.29615960945673775,0.72517190620962479,0.28053940801605065,0.029523811829127333,0.1644483531955577,0.15230291654290107,-0.92475498150058355,0.26092929910699214,0.087562563141136945,-0.23339705824566268,-0.41971836738657781,0.016541636898397032,-0.49315308149883857,-0.59993225587098997,-0.68052028654639174,-0.81963745965037527,0.23822482063036712,-0.049968244890718827,-0.66018515628467511,-0.030205609755712726,-0.24500086781355476,-1.7069186790423296,-1.828836568282775,-0.89236408030752101,-0.2764364477202127,-0.10254205018038344,0.39172188589948498,0.96952605547038007,0.72217528394286878,0.72090870777392235,1.444103599890058
Marie(A3),3.2971324364730048,2.0392451897585269,2.4954189689180799,2.8779092492241531,1.8796459668027854,-0.38750382026266667,-0.17042851443792822,-0.70941858574666117,0.67744926805941075,-0.13261413932172891,0.19519125429379941,0.75870276154753469,0.38909622729764626,0.51031961176205565,1.2100792807022087,1.0123555896435257,-0.84523776006867846,-0.77207598751561124,-0.91762003037022788,-1.0150642067219915,-0.33098598913759009,-0.89353255911258656,0.42621500611113472,-0.0030859389130987883,-0.60786760740274082,-0.90790313491908226,-1.144123826074124,-0.81399462448865867,-0.53957889503949086,-0.25371241438586428,0.19989659587132011,1.0737280087059224,2.6510627850645152,2.6287890174913757,-0.24645968371316485,-1.3578043887646691,-1.55895151042415,-0.96147266185555269,0.64809557692053477,-0.13559828112458838,-0.13918425494454692,0.49944719411601241,-0.23038703113493567,-0.95211980988298128,0.69139848650192037,1.2847556646105953,0.037115702177974892,-0.28917737247502051,-0.76244889113069259,-0.88663853289045658,-1.2199602326084162,-0.46419481624467696,0.041744899199668367,-0.33393529218453422,-0.63701393388211514,-1.3669641768193521,-0.84789364251740018,-0.11981793638459025,1.1420180816905652,1.0452284738872777,0.044619504256660121,0.14720267899682118,-0.071875164427194826,-1.2548374934887356,-0.30367760079723188,-0.28128083595135184,-0.40414153429948907,0.64725683182393223,0.3170083785817468,0.086743265239472775,0.21603048842945474,0.19955154287678531,-1.1498581154602894,0.29269621615008551,-0.0013379758309944073,-0.24889782913538369,-0.32520365073381041,0.057207569984945743,-0.6434841837212647,-0.7523169480448223,-1.0565156515162817,-0.95913467721917145,0.08157838573931088,-0.20891835579662779,-0.031339073560869291,0.59186853124253047,0.26763023434747446,-1.8273688875164424,-1.7279230954473994,-1.1397837586929982,-0.49696860725667164,-0.034106078753715893,-0.031491549117284467,0.75456757645626737,0.47164946123315865,0.63428099689669637,1.3832985905816395
MarQuardt(A3),2.6786120558797393,3.190308726772018,3.5182768931136055,3.0604900447346819,2.4604363509308418,0.45826376154379905,-0.66364460638034151,-1.0571019393022398,0.63567842547421882,-0.1476595140507532,0.14049850484646134,0.69669837663410095,0.31330913618915557,0.52442359590358301,1.1864833040725749,0.93174941569599568,-0.67413210620667396,-0.55597691370035784,-0.74669147011990122,-0.85908192107262704,-0.32515861773738242,-0.76121911063360104,0.3252312213832283,-0.045646917504462987,-0.53216675094488497,-0.85542990616108738,-1.0583815203028988,-0.77254007174103545,-0.47572041409932847,-0.049951572413959658,0.26817510615795231,1.0879288505315912,2.3435545669967479,2.2695060161391676,-0.24084727378608167,-1.1144361456270979,-1.3667938528639481,-0.89162556684321004,0.41043315374317962,-0.12773510339630437,-0.2493845231025858,0.29036240573000066,-0.21944164076255182,-0.8610692994352741,0.48982565990120297,0.95919339235107237,0.12831093994541384,-0.31525745595450166,-0.88591155579178527,-1.0413732975678098,-1.1336650054969692,-0.39300469835712676,-0.022730374953849112,-0.094935344498449314,-0.63047623085676496,-1.3460731000152988,-0.90048599939973828,-0.22287340863995586,0.71097093347370999,0.63026977767449632,0.16709884019023663,0.10825345669543879,-0.014519907610259996,-0.98220413603694812,-0.22161292886170356,-0.22369178248288016,-0.34290267566053817,0.60350245801721447,0.25620799032420616,0.051262659375825546,0.24116029756012083,0.15596644961610143,-0.91679763917513746,0.3208389687928076,0.081064113901881771,-0.18706218376302364,-0.24695473098361762,-0.048264092512002379,-0.62305152266609176,-0.68659925316903359,-0.85956357433131569,-0.88840075196210599,0.15774180783635897,-0.21417817000479705,-0.73601182174125701,-0.010334832401280669,-0.18305292426260483,-1.7929905522128642,-1.7504112112059911,-0.90155308074551621,-0.32121165831076554,-0.28621790852611079,-0.23326802038085739,0.47477777160375995,0.43798351651488621,0.33734864657865227,1.2072809959016497
Methuselah(A3),3.3918071409423427,2.0463555840058252,2.8426484279544844,3.4868432801190345,2.8141223205357573,0.42089610314710418,-0.20482040163876475,-0.62688253643273062,-0.14739011941801058,0.55622496372950769,0.26238127848410159,0.82001071338910125,0.21072471012554292,0.46305958358820076,0.40835132386173489,1.1019763147725961,-0.51489774157316892,-0.72189439093076146,-0.84007711050856249,-0.75373609306555567,-0.74117569294156793,-0.87232860961306069,0.32235275451227702,0.016456831170047589,-0.31689930101900043,-0.67217360154094841,-1.059328294948275,-1.0055101489296761,-0.85490257769986433,-0.4165199106520886,-0.12052305185733245,0.93055406362656345,1.7845408661094613,2.0546931113277127,0.042172822975868496,-0.92943354973204106,-1.4492052503150734,-0.90909833431529197,0.30352350386498705,-0.10545264240739487,0.089439740120178635,0.12681443996108188,-0.19016395601529471,-0.39023554711848962,0.32255941387571907,1.2810631831737516,0.59658303023945514,0.35119816138853788,0.41057801286827561,-1.3888785238270585,-1.6908547286587761,-1.4963258228771459,-1.5290928871158214,-1.3113790673980525,-1.1910159755620551,-0.94417698945936268,0.21701855054977584,0.17447846849535464,1.0562911435599587,0.7620958183727452,-0.06698516623291495,0.20047424755517132,0.63706857857897048,-0.6087325880502561,-0.29827881246479104,0.044623640372861324,-0.66042656461107774,-0.19347342523819452,-0.32959476380057662,-0.32730999694166707,-0.35130872809639235,0.44244947229721565,-0.43704147395979703,0.55937776696059827,-0.16017375659188024,-0.29454126944850617,-0.69286117551700455,-0.044131784664545197,-0.4152608247315856,-0.4869505491232593,-1.067548166386042,-0.72143674009720216,0.38292912898023779,0.33712323342163403,-0.22222824067593433,0.5923851268430198,0.14247541462025512,-1.5402149193164907,-1.2377087274451413,-0.8768712348213219,-0.42629034066148469,-0.29028933232815468,-0.26621532893087768,0.49176834432475336,0.4684808371142154,0.21062484488105507,1.2326504709089905
Microwolf(A3),2.7978848435119708,3.0601568213575283,3.584087623899137,3.3125896155408721,2.5687917718510862,0.41978084663539555,-0.65107557364304747,-1.1987168422005277,0.6149600484186335,-0.14904252237246865,0.080268659787731567,0.66499105322262986,0.22214397955918824,0.44760647371810514,1.2274899914689292,0.81728128436132941,-0.75262428923451385,-0.68487551792413737,-0.78417177999014465,-0.94887551693494465,-0.42356302130012741,-0.82535062287592342,0.31100011911898073,-0.042771966263681675,-0.50708037062561995,-0.82383684678077229,-1.0008017938249179,-0.86403131486555829,-0.48480645955182777,0.030181800832148779,0.13319604111657252,0.78809584087601825,2.0081962354918033,1.9842749297882367,-0.32594921505192059,-0.88157328873714214,-1.1221135171016474,-1.059990990619726,0.24681141902495896,-0.27332939406172158,-0.39643854312298354,0.11250650884417131,-0.38963436192697942,-1.0192743575733292,0.34698254775893922,0.97901968687704255,0.093617987503821706,-0.38743235899970258,-0.87835830489473576,-0.75563385460960353,-0.85615262496608324,-0.26324049016682577,0.026043263728512143,-0.14522847811107115,-0.51604326489206431,-1.3180008614840759,-0.77734600411861454,0.020318460891731956,0.49982439739654494,0.19134568098123994,-0.18344102271015322,-0.2039321211454537,-0.22143058416514017,-1.1078877229310851,-0.35164785359562545,-0.081670612406766901,-0.24932537588552445,0.48636631573218819,0.10866570694673279,-0.12755097720611921,0.27266172006438455,0.25161051306095122,-0.9751671483859472,0.26024369581758727,0.10306414155880521,-0.096688624099963066,-0.33226404283612598,-0.042725128879603544,-0.92640156166425147,-0.74476664881474464,-0.86772423349396866,-0.90263763680412801,0.19891935487219295,0.002727907287167384,-0.4813133006882972,0.17928933549297343,-0.3115845176923267,-1.5588219944482067,-1.6807891528249881,-0.9823032216874692,-0.15641881615788136,-0.036649210958732768,0.63083084460401606,0.71964434276500777,0.75331639247601767,0.80744751070454146,1.7662701433635537
Misomonster(A3),3.2434212909105122,1.787333440445352,2.5622000705371546,3.3015787148286018,2.7380396887867775,0.11814090269731491,-0.31363940153451297,-0.43181870922305543,0.013141915944829642,0.6340049030142606,0.37225925705552804,0.64678995583379562,0.013038407870517445,0.24031362808664425,0.18499809262721267,0.73520161028255848,-0.92906490743877379,-0.9898496544576878,-0.8375380528198908,-0.90098988021601967,-0.90726761605673145,-0.94274209178023383,0.21791924108050603,-0.048983130423702115,-0.45200612196559442,-0.66812120493896432,-0.98947598331709108,-0.93672976259801333,-0.75023347143176211,-0.35650003717406142,-0.12506341485220471,0.76905677534721961,1.7279893408141982,2.0065304984429653,0.029255901524610065,-0.94480646497227905,-1.4202459257634723,-0.96693150270191819,0.14347414160729774,-0.27410745014424331,-0.048897444209319116,-0.095821594858150769,-0.41170379091640713,-0.8139701114358997,-0.24974719774575144,0.86401890276784477,0.12615798659163302,0.36699975302550236,0.24642621078642918,-1.3575259724675146,-1.6055343673939468,-1.3607265771712065,-1.3900073355695584,-1.1738649307250306,-1.0388785631907325,-0.65567696333145564,0.48379436918889168,0.35351496080585187,1.150512288302882,0.89829457640376265,0.11221571157090533,0.32241078464147865,0.81064718394954638,-0.50335905075624743,-0.16593065057442108,0.056068994634652383,-0.51053159754631061,-0.13189497554957394,-0.37255105469193406,-0.31230781024553828,-0.38454140450816687,0.67509663600322201,-0.21705218576993118,0.79216765745618067,0.21343398628995175,-0.22084620692560666,-0.26803124939729411,0.026482394598363598,-0.68856152990949926,-0.40324852591813926,-0.43400940723815434,-0.49480665328834056,0.7625273608012928,0.59818296636178891,-0.53225152375783946,-0.65216306488000819,-1.1049091315266308,-1.5992224867375031,-1.0796430283235976,0.6273681571810269,0.3622230764603836,0.85608216353014654,2.2750172712801544
Norbert(A3),1.6985745444671136,0.87563668848496623,1.771829733661622,2.6626145755067783,2.3192356709828399,0.88034768825637311,0.32131469456218492,-0.2024031759418311,0.092083185958833219,1.2350122159977572,0.88567017240361234,0.057301345699976913,-0.54637921421467761,0.28626441506180123,0.98800044034426415,1.7191569489811265,1.0724660048827901,0.41442703955358434,-0.39043093334063267,-0.99090255579833963,-0.65684254472181558,0.57335902945595041,0.35035507264617288,0.56996256907268572,-0.38919134407427697,-1.2424893325666364,-1.5477185874212813,-1.4956178215544027,-1.1453111258364956,-0.20951786095675831,-0.31420904815507422,-0.34867041236796675,0.51836238920431787,1.5155419218027728,0.62858958410891974,-0.84554614579168474,-1.4880499057519574,-0.78279837655283258,0.29648936287992322,-0.23209196185458825,0.0052825792571629922,0.095151137483887455,-0.11409974343436707,-1.0080750420462383,-0.47152596725163304,-0.20305161499606897,-0.32592231927517368,-1.032728101972382,-1.3539502316715035,-1.9607882558245018,-0.5773616567629799,0.44772971373518866,-0.1653933630416034,0.041505560900099374,-0.39855319273990936,0.044826726654207193,0.14391484381395575,0.27336309503624212,-0.17926024941711605,-0.34674698932753711,0.086749988547036361,-0.34404070425007344,-0.50988231127714523,-1.2531329594385012,-1.2216028922752828,-1.1270798795293497,-1.8022024854067975,-1.055984469132019,-0.332703217791113,0.12169422496541546,0.33827909487874624,0.55797137505740135,-0.15916200690526253,-0.56089227328676317,-0.56187877809501652,-0.70696894305922597,-0.60061342688763641,-0.11099237240718263,-0.36657152394358067,-1.0035489154154267,-1.5194553112106968,-1.4711026598014767,-0.46405869308154396,-0.17169859856506448,0.10639394388459483,0.16662259381241132,-0.14841143388043643,-0.4188121353809523,0.41503488284074574,0.99012947946256336,0.90636826473795173,1.3618311261656544,1.9460359476350637,2.236527647071477,2.1340405555252739,2.7243749902414161
Ollie(A3),2.7682671578928981,2.4544765471738348,3.048418174616383,2.6717294557346225,2.4486871373122123,0.11368656735006573,-0.46728967939932436,-0.73199228453765541,1.092515152503156,0.36864559241275463,0.42544829507195109,1.0894074546426773,1.0410667742053801,0.73311183526801849,0.934468386906668,0.51726217356502413,-0.27975118770953372,-0.42373310841867823,-0.4772777842915033,-0.85049824395498275,-0.56398134516220622,-0.33236468797826685,0.67463306360171604,-0.075762541801034339,-0.9107360963125507,-0.70600787330062742,-1.1434507703512331,-1.3066256420123969,-0.27439316486527771,-0.50748792725931691,0.68092452069154352,1.173162373926941,2.3982114865589277,1.1104168199650795,-0.81518781959984732,-1.3337452029228061,-1.7676758807212007,-1.0225448535883424,0.035358197042747175,0.23720742112805074,-0.054758432367679924,0.07621104834239785,-0.0097723795410458707,-0.6745562396402589,-0.21609603249616624,0.9414671449588885,0.51746168824710082,0.18341325925847657,-0.8841383602216849,-0.86098831263722964,-1.4443866344073286,-0.49562446640826163,0.50600980674711771,0.37146922833059104,-0.63827623205214667,-1.0684919772422992,-1.0380749174562769,0.045250010635711352,0.51205590771171594,0.011753151534317944,0.036677472923990241,0.12367654931610168,-0.23363300813500787,-0.94925577662811267,0.0057099142908509162,-0.20251628816643172,-0.11148178898401596,0.83109769603623229,0.37262709127608623,0.20008564428982092,0.8103083828133657,0.30693326416906208,-0.60292591470431889,0.28178180008983039,-0.11119987761028635,-0.57030896056329006,-0.67762022948212053,-0.59840349186903252,-0.89051331721237259,-1.1593289206425743,-1.4331573378152864,-0.94187563173822542,-0.43004646815771636,0.053855223784510679,-0.2221170305488428,0.21092313022102671,-0.5408498768731993,-2.2803428337996068,-1.6928250488431729,-0.81028571484237011,-0.61939069568223681,-0.3615517449236112,0.28792575506721124,1.1057371538901319,0.74960708805993748,1.0759384973529678,1.1802195389606172
P28Green(A3),3.3078854064128413,2.1648753091266779,2.4565135647746272,2.7613882268864538,1.8408390152106675,-0.41114411423220393,-0.14464980024887014,-0.65063072539831956,0.65468104023179585,-0.18988697391546472,0.1642548468972832,0.75844538209078094,0.40413729934436243,0.59797756358742982,1.3065961441062817,1.0658074386273215,-0.78268979060747679,-0.73427302351512513,-0.76151055003106816,-0.95412517150665788,-0.27668117701074141,-0.70582441184974465,0.55880881033721164,-0.033918568491609305,-0.80020717642427319,-0.68705276136179194,-1.3326099608409228,-1.4499627231885115,-0.50360570790144188,0.13274780703636421,0.79077629313585818,1.0709374199408119,2.5821001530894843,2.6793017478657282,-0.10902690330798784,-1.1164179383198884,-0.92327433071285148,-0.98101086424058292,0.45867241773670919,-0.065164742061186692,-0.061772695221323719,0.52220068926565111,-0.26435693896343376,-0.93072547175895837,0.58884539442625583,1.302985047315506,0.21930172243355098,-0.19802311054558891,-0.71758222708693731,-0.97778711834331755,-1.2650540939872987,-0.63840589606999532,-0.26557713836649505,-0.52861438353390378,-0.77964655144464412,-1.4772748933204463,-0.98485683050448003,-0.059369902450953915,1.1574103286648374,0.97496645189142317,0.029692241396458645,0.11028464026613466,-0.066586372069874014,-1.276486951865768,-0.41201915070757605,-0.25307342707351893,-0.44395052468665436,0.70844602277340196,0.22567189427098008,-0.012856109679968197,0.20873168467217398,0.11052376099993294,-1.0135707985955902,0.35140859208623904,0.0889627166305135,-0.15472935050901598,-0.13767359722480907,-0.089230271731942423,-0.86000752498308741,-0.71293631099678245,-0.88504342355687216,-0.92291488869878169,0.19639015299923859,-0.046953229583480319,-0.13919620923244708,0.46872946394238352,0.13890867397052434,-1.9269716642329182,-1.7045482571469739,-1.1603614789872696,-0.60105297774830191,-0.20912437188448271,-0.28210066395916439,0.53588826442219384,0.60590244472615917,0.33783560056906436,1.4342705477584097
Phantastic(A3),1.7719329764550478,1.0298368818131469,1.6145338139825192,2.6785910648227667,1.7865600275021762,0.51603287527296426,0.96165768024867793,0.46200629594588588,1.0915686014873514,1.2145571926085352,0.59305857005275997,0.3032532573758655,0.81105312029901855,0.87167490350249577,0.67635051825935266,-0.20860707906756304,-0.15860315051346149,-0.33220616749060011,0.45862405826366076,0.56731500022817016,0.86171303930810328,0.6063482007389811,-0.12764151973801505,-1.0717144297059384,-1.9463846592240974,-1.4976192663545858,-1.0750739188432537,-0.71988558855411133,0.20706917818882786,0.16953243088004469,0.29113199675294438,1.7106530385266274,1.2612414096906603,-0.52471120482639255,-1.2189145126065397,-1.7601885509485613,-1.5674879476005696,-0.10425509057121816,-0.07398904541738166,0.16874407351492174,-0.77139182764128134,-1.0284864559214386,-1.5709055033645343,-1.5721410312139539,-1.4794732612539823,-1.271764495922598,-2.6751841395423521,-0.81000601624989887,-0.31955725485272962,0.97090112694360953,0.75976864466085103,0.42590440441341115,0.36768860225844169,-1.2258100987238743,-0.64393945205915426,-1.3067352769709051,-1.5491534736121138,-0.81794075607871841,-0.34484902542972473,-0.45288650018898341,0.07083503000846425,0.11646236511419662,-0.30789829346697123,-1.0595684423823055,-0.64253009553290474,-0.82068530260009109,-0.54171683028218831,-0.98139530512868012,-0.44655288018764711,-0.10086650694214293,0.41496296271692701,-0.1216040541421342,-0.63346182855334432,-0.43446670052035741,-0.5941774099032755,-0.49719194294589625,-0.11753613068305326,0.31432903531939421,0.21681549382641527,0.082267321681397818,0.28769893118590412,0.57477980337202295,0.08774830720664778,-0.030049810665601365,0.26653849667785673,-0.45816514556623561,-0.31710031224335516,0.50481429796565869,0.83197587913275961,0.81806294238412436,0.76060578365018083,0.66638899997047407,1.7555608771746507,1.8314214532624074,1.0091879260183447,2.51271480156954
Phoxy(A3),3.1614384179122541,1.9499280415471079,2.7019773355454015,3.3859567277280007,2.7928765059222513,0.11749769361293186,-0.44530528288827304,-0.55857330312508258,-0.13732437448469589,0.50782072795315314,0.18841658142227061,0.44410450807790669,-0.049859151766230896,0.22349507924627657,0.13967761544206644,0.64197105204944538,-0.91929246571303169,-1.0668365750417264,-0.99810693463639655,-0.89966001428581122,-0.98492851557801653,-1.0755928363884237,0.15085968611770559,-0.17017296906976451,-0.44327867518131253,-0.77966039608541582,-1.1882730505687875,-1.1163095869691355,-0.95246302730910315,-0.49937270839954861,-0.2138161722848147,0.96350033678172209,1.7963505374825415,2.0167478607221119,0.15502358687969295,-0.64372181736504519,-1.3756547139376081,-1.0895256577105417,0.16353068346681268,-0.29517222699865037,-0.095517740912464996,-0.035821145383597854,-0.33286922448360912,-0.53337888073925133,0.16108552668186743,1.0681182877256403,0.58606270381989056,0.41379506574276043,0.35494148615213739,-1.3499111102375092,-1.6451987497330824,-1.4730541662633878,-1.4719474142870903,-1.314700650335465,-1.186420870608651,-0.90841762274820148,0.29398004019477225,0.26870744952110015,1.1230999643517836,0.86802945892601169,0.0037145840934027529,0.29020438257761538,0.7270667090420776,-0.51861048329074688,-0.21054253363217784,0.077979702868901449,-0.57959463921026266,-0.090288885178840733,-0.26051158461421042,-0.23703580063080656,-0.36098358140781983,0.50878867383171422,-0.4732739991274092,0.60888820989625136,0.33828961032116478,0.32048216607191315,-0.15105435386484919,0.50538530698008333,-0.13703015403130245,-0.24043077074040636,-0.70380874517142411,-0.57028809623156185,0.53520950741137852,0.095819349190575859,-0.0012865401938928424,0.76891458666577328,0.094829560525535372,-1.5547863656824212,-1.2462697182376778,-0.61332581566939348,-0.27781549548738727,1.3738802094706308,0.49939003148269029,1.0892400424671673
Pocahontas(A3),1.7007338559060612,0.88783867455313537,1.6757706739459679,2.5994213457708981,2.2205250053060279,0.8532376950626831,0.27481515913419735,-0.20896010410307617,0.098748366986471367,1.2462395314600954,0.8699742337038685,-0.020972998602017106,-0.70063944975200487,0.2253771103650348,0.79123348193243381,1.6313132675557993,1.0844633344136776,0.4958728927041508,-0.41603254795165856,-0.98262349588368703,-0.61858774588143606,0.57260279327396202,0.33131736340366397,0.53409526413228803,-0.47736403289908186,-1.2133344130425872,-1.4564556801634863,-1.5126346416955518,-1.1277198890450415,-0.22732951630433787,-0.36150291439022936,-0.45015413192093623,0.50853339951251308,1.6279847190000567,0.65730853123446775,-0.82398358796299997,-1.5166595937972442,-0.80261768698569769,0.33315548010545742,-0.25568236228209879,0.0078307744652940485,0.030692695274597177,-0.076844571922099647,-1.026299228995448,-0.57515071317119337,-0.30300409727206223,-0.41665065369012155,-1.1099981625402753,-1.3793261899859766,-1.9786608564674271,-0.62946341940284323,0.41915200967144339,-0.11225051306208418,0.09408123672722625,-0.41751683893087416,-0.071315871733287434,0.052187641349315396,0.31045151153835748,0.088971110292649216,0.03279789855767249,0.33799185426346251,-0.027961205418255919,-0.41869118900351787,-1.3550550267179178,-1.1999690777459051,-1.1762350467870968,-1.743150470444605,-1.0870325875470377,-0.20540871231940333,0.092467720166932388,0.4053137265957461,0.57265853456551052,-0.20650429312636084,-0.55985396099897511,-0.52413189995879406,-0.62345558113103638,-0.58749210938655083,-0.075580772689714013,-0.43237941775309618,-1.1298716560362976,-1.6949699807817318,-1.5149499343563062,-0.52459032479406609,-0.01910475220840881,0.11606476110214721,0.27698246062624321,-0.067403663156398702,-0.40121726893091125,0.50380752336617562,1.0105681529636061,0.95432883572167992,1.4134476562986373,1.9252472177143145,2.1770845044625382,2.0398495827008274,2.762205253241691
Popcicle(A3),1.6670570113759193,0.85733582119214768,1.7416841140234285,2.6324468127184151,2.2809509462082667,0.8449239615362244,0.30138164351158198,-0.22067307162256822,0.088014076161200508,1.2201999854259931,0.85307552019298816,-0.031941079995476886,-0.70695497247607497,0.21461637653251001,0.77725929773753288,1.612969475120368,1.0668515575452882,0.49337365888779222,-0.41752321589831587,-0.98488907689308325,-0.62017217223526078,0.56180468565898889,0.32179633870500357,0.52413351228636618,-0.48043531521110294,-1.2103715479160015,-1.459844965045334,-1.508855079592901,-1.1232865900878213,-0.16323455417781826,-0.28237970332093548,-0.37321033225799738,0.57801059161729484,1.6867012898428575,0.65470872516592882,-0.81381922590234945,-1.507414255002802,-0.80175845707609428,0.33000320826372687,-0.25166979294962094,0.0045416565354980476,0.031553745285930364,-0.076134514743351325,-1.0203497381420947,-0.57767083858812296,-0.29572072732787175,-0.40635511946723241,-1.0729170400402124,-1.3512095859873288,-1.9610321959501866,-0.62365135074053457,0.41345746432819785,-0.11907620520130138,0.080331815548575602,-0.42881929740558467,-0.082435889870982465,0.039454399197350186,0.29103518700039754,0.071439000431219229,0.017811031464711281,0.3198046427509364,-0.045498126556021812,-0.43001132323111596,-1.3542150068802044,-1.201693902343977,-1.1764802139478012,-1.7365132279139639,-1.0866218556058562,-0.21011189019871399,0.086651191612797981,0.40067252090814887,0.56262413577072934,-0.202380258430117,-0.56342812495045458,-0.51833144705727718,-0.62454328482701849,-0.5856054924792482,-0.078764475361005892,-0.43432743243663291,-1.1224659111457718,-1.6726980809937475,-1.5054906556008993,-0.52126157748749413,-0.12817339884995038,0.031806715986377611,0.25516730504959173,-0.096794858565472194,-0.44822052416669744,0.49434706828693059,0.99394721060454594,0.95158185749088953,1.4483074463765218,1.9149467791107044,2.2095422038753503,2.0594768717767149,2.7296381210535281
PotatoSplit(A3),3.6053694035258936,2.356336384133948,2.5731715539571183,2.9101884651188192,1.7165242985930904,-0.7106855723231793,-0.45788610428723925,-0.6470875576559636,0.48189837734669683,0.02258864864535302,0.25873770760805437,0.94689933106514312,0.54395315812696066,0.52701271255610904,1.2202255122761114,0.9544312868930056,-0.86108780820759201,-0.78758211193228667,-0.90425824684556,-1.0254343979700975,-0.39277460226495003,-0.81904042872666805,0.45386988199608652,0.026593072057569455,-0.65079809297741031,-0.90291287826297206,-1.0951210336110422,-0.81533007552107728,-0.49737623021969685,-0.1732767175788327,0.2490800651852379,1.1359050579876642,2.597418566299226,2.4775660939244744,-0.11631045652929838,-1.2010577208360498,-1.4245382738345016,-0.92692279530729638,0.57244763430265089,-0.15025759635653455,-0.12236618810007761,0.45269816129468565,-0.29395800575155129,-1.0926933906092831,0.50781600798575632,1.1417664504739937,0.16606772099435635,-0.23017770966673401,-0.75833083288217884,-1.0586398762464884,-1.3819913990122146,-0.61602218995894886,-0.15689873296954204,-0.4566403747955553,-0.57499237093291966,-1.2138133634751562,-0.7344289549068197,-0.061033343656148431,1.0843507542383575,0.98792384736354932,0.011745311168029378,0.063963107842929176,-0.1040493294121561,-1.261479031670889,-0.3421402137174665,-0.2116369428363738,-0.33791055730778718,0.72616216601011807,0.33544121317834857,0.10221881157038942,0.35273414183402702,0.19793524974561322,-0.96013424209644016,0.42446804669142196,0.17006023345144944,-0.31035869743289524,-0.26010955825068544,0.05097490310518913,-0.75216046438200745,-0.6719446534396547,-0.79543509662974243,-0.8776014049674109,0.29708888566686276,0.07506537186997847,-0.38212931130972144,0.38992767455376187,0.094027384665292035,-1.8302544916014836,-1.426259313275138,-0.97528626035998667,-0.48803683709960965,-0.28577245368350063,-0.59980061189177747,0.53757965998318813,0.60284996987568185,0.34014700963903632,1.4409956107755286
PurpleHaze(A3),2.7967483151488941,1.740781963698474,2.4361870821614109,2.6471068794106349,1.8929780962622857,0.78434615673120611,-0.14916340684109339,-1.2342124184468712,-0.60875207993050762,1.2323306664284619,0.77616361614852802,0.579249950589243,0.51191053360604899,0.79783097866761787,0.98309731723064808,1.3018404283840288,-0.092870690354449781,-0.36616761363645789,-0.66323738792390441,-0.80043772203521069,-1.0197319238500069,-1.2770656142275181,-0.14617350264194734,-0.56275065591540485,-0.73455415605836194,-0.3490529913513018,-0.6277819322284004,-0.08997666873616926,-0.074631085737675337,0.16085647709639048,0.90469562976177165,1.8810500573974529,2.3269259728004692,2.3004652586761356,0.13971581199441599,-0.72301771747896015,-1.4768906658412908,-1.4432429566997984,0.13764207097888101,0.22296230737867417,0.43896049543577026,-0.045956493588293588,-0.46103692332984653,-1.2010212851511077,-0.48508716292115345,-0.18525284087361382,-0.8535569249556243,-0.26492170205817545,-1.3783615727450138,-1.9708385445189831,-1.2021287508549359,-0.48773048631162397,-0.52980822088442936,-1.1590994535838024,-1.5567037712921086,-1.249792936488566,-0.48604877480994702,-0.30247310119378806,0.65251189444053281,0.73133610034111496,0.30574106183814498,0.81143620025023222,0.49973943101232859,-0.54319601643137416,0.35831664298654048,-0.40549958925009888,-0.69480811434264367,-0.53489566843292347,-0.74637313701284791,-0.58681129059567128,0.22765912742990191,0.5043555016899417,0.18032034887668288,0.48193236912016396,0.3017827983943287,-0.13285010973759018,-0.55194776773696463,0.20871874484966843,0.028360455661478715,-0.46988665436436966,-0.94897036837040194,-0.62225094663791181,-0.36168138781493026,0.39108975706747579,0.23284496298967905,-0.073357420254764355,-0.69694186055047513,-1.3274056503752956,-1.2167919971720427,-0.06562008650109874,0.95597968007889766,0.50690402843255478,1.8659430296307575
QuinnKiro(A3),1.6590801234760806,0.69556528772019421,1.8057559022258116,2.6734737982577217,2.2739673173809858,0.8682074842055475,0.33550787506661195,-0.25353535644121244,0.054012986667500575,1.1404625186609463,0.82318954520563492,-0.019028760159168281,-0.55144455493656841,0.27746884555978751,0.9703885946553148,1.6785140841507262,1.0297935304338122,0.39281278850157403,-0.40798648532657877,-1.0069853020175428,-0.65627837645029496,0.55703426991401406,0.33566434418282581,0.5621983175879216,-0.36162251042840787,-1.1150931059506806,-1.4777222460882002,-1.4347499075093366,-1.1317215222067829,-0.21072669316652592,-0.250725186725063,-0.33206566512742075,0.51033258714427598,1.4864145708775209,0.54462187699439502,-0.95154850058167195,-1.5623538725111368,-0.76902123234474407,0.29534298883063298,-0.20769846815668103,0.052221338845949004,0.068066807302529841,-0.014489410579427339,-0.85947214093537627,-0.34694969106715995,-0.32304683760507685,-0.56332955347563696,-1.3387887891363037,-1.4227010768369504,-1.8813371088222814,-0.39970985719639379,0.67841078576326574,-0.22467972797067642,0.066516435497861542,-0.39970737955480751,0.051935628277822651,0.0060681144401606877,0.31244299020768068,0.071637954843427998,0.097189053488668686,0.5175760489533191,0.057378934856790423,-0.32656341665588118,-1.3404827224280442,-1.250862355871887,-1.1545712518390234,-1.846270274498595,-1.1274104152875883,-0.39192627375247374,0.074786698331489182,0.36122411906288587,0.55209216992504417,-0.16361693319252435,-0.5850323370665641,-0.55633331504344019,-0.71881845970620983,-0.63259536879104872,-0.21744955721771692,-0.53624985435214534,-1.1603654564253527,-1.7392545729302491,-1.5657870134151073,-0.52942853969521009,0.013438232189755095,0.23389435843248249,0.24529101030902109,-0.040399263431875755,-0.43643282982380233,0.39114425791816254,1.0236395418937423,0.95170103689328145,1.2272218550576324,1.8053947320368648,2.1880813889420323,2.0240097195248925,2.7531966800381928
Rockstar(A3),2.2891315850071661,1.512120673012171,1.6280571082355499,2.8766654069685558,1.9710330538336616,0.20228897174247187,0.40276480096993755,0.057727167274553869,0.84459863393808299,0.74876419428287644,0.47450621162272366,0.24570934251313109,1.3607791918363479,1.2002011712153058,1.1122059075821666,0.076564070639207255,-0.61280915213390708,-0.97624389343459528,-0.18308007476419874,-0.21155621868556906,-0.79230052470518786,-0.54239069633911918,-0.52492073682414431,-1.3250083115096827,-1.9795442356814748,-1.4199625536386642,-0.83743695046604061,-0.7738279870007625,0.35316253414087523,-0.24029835695373339,-0.26178670092452794,1.4178482990401846,0.12666113083194877,-1.2068186202085531,-0.96725028204209695,-1.3970986803761463,-1.1613747408863468,0.062302941995326419,0.17569788109680784,-0.037409740036030627,-0.25650009018134767,-1.1110168147057309,-1.1982608439231901,-0.69084882275561488,-0.084479257967602528,-1.0565216840277516,-1.2932902981297105,-0.81526505907203251,-1.1864699578064937,-0.70614127967640461,-0.81501258044362535,-0.6170515107841742,-0.46154836062745269,-0.53825596385086749,-0.74546853090421994,-0.92567276564683909,-0.22673184134858632,-0.033514785988372243,0.23946257274337376,0.92480379417524028,1.1530634277425413,0.82875774518517964,0.54017008456498761,0.10341539908308374,-0.57033564174069884,-0.20851076048355863,-1.1852774217296258,-1.0591269948948112,-0.12693149980641485,0.15821793785287316,-0.33676683057787793,-1.1869055527565198,-1.0978756344037135,-0.96007909586738371,-0.83405453567962595,-0.086839349479718955,0.36352649773937457,0.27585537832900275,-0.2698465428338705,-0.82179831906080092,0.20888950362545342,0.50639230478664343,0.56562621025445114,1.1006786799563806,1.3051657254484628,1.9111013618388193,1.8281272595195059,0.75400172258047382,1.8185785825495275,1.7891062346896682,1.4437863833211719
Sabia(A3),2.6326595435265521,3.0635188689310691,3.5302880201506919,3.2532256561654078,2.5482323981394241,0.50423617771056417,-0.50104912587009198,-1.1449857000042962,0.4425010070177367,-0.2726727154779971,-0.043172735906022504,0.55004707385992491,0.3458031442562835,0.36051142728132191,1.0885271582712408,0.71358233730321496,-0.85915006920700754,-0.63726606113550799,-0.66486184155645212,-0.86673062337051887,-0.30629785075070931,-0.7032412585358675,0.42413543117774316,-0.069679418547335586,-0.49206535267512447,-0.73655223979048301,-0.89008083114609726,-0.71604119217265316,-0.37469592696903992,0.14722538286653766,0.26938976103025114,0.66268794015638255,2.2761196086309847,1.9854745085429184,-0.3593058421055641,-1.178181789621447,-1.393532105669931,-1.0695955691785475,0.25554561239113022,-0.29465303461466913,-0.0076272693517166886,0.3380198372106859,-0.42388266680289843,-0.92997322871286825,0.50590022747828622,1.1126436666252197,-0.10073961914107138,-0.25173626083570388,-0.73813593832108215,-0.97147320429437967,-1.3109963622321834,-0.60261128146059806,-0.16654138838535693,-0.46399180036380233,-0.65476798612365084,-1.2048189047551605,-0.67807021064971795,-0.1434131988492903,0.90308642481526225,0.71972236551591695,-0.069767435331054728,-0.11046426610503197,-0.12603851025788632,-1.0077403311875215,-0.25437797499337322,-0.11477161861529406,-0.15373039644954214,0.50603171307417416,0.092328069292572368,-0.045640740066350931,0.22639992671077383,0.1238371390938727,-0.87687910413918546,0.26486981013072119,0.081221497724831143,-0.27537662448982486,-0.35590787134154922,0.028626589398007548,-0.72497052954588914,-0.66471410669170072,-0.68888598962224923,-0.93236539405961782,0.31513030194764824,0.0046157509973670137,-0.58480073131321586,0.017457777087573612,-0.32337621419130103,-1.7272012382252593,-1.77313002958434,-1.0516426003688111,-0.31720505875815114,-0.12909888413699028,0.48737442142042381,0.89088787153808879,0.72409714285872029,0.71439083884511223,1.4203238248841972
Spike509(A3),3.243542207093868,2.0438819210398993,2.7991341836627539,3.4670104666771868,2.856665521005243,0.18461161293860043,-0.30932469574994276,-0.42111146388394111,0.058574409363948511,0.66548925387407598,0.32617840451184149,0.57511713092562711,0.07982147049541112,0.32603437639416882,0.227553855491893,0.73624686379924675,-0.79047856157842256,-0.97011809501018387,-0.83940542141959351,-0.76842379348704415,-0.87345995127327791,-0.9588604897657842,0.27987491479784121,-0.03526651987892726,-0.34112852582609265,-0.67908462740364151,-1.0552498193190587,-0.94397322760914748,-0.83995590982255441,-0.4364861329602196,-0.17375832563104152,1.0055058048681709,1.7892721610501998,2.0433326604821724,0.23777096895588751,-0.49856946236826971,-1.209103523777294,-1.0389927907015926,0.27056675758054372,-0.22555877078618583,-0.032364716276927281,0.048485523293533721,-0.22081111597674222,-0.43351510927796938,0.305951152682022,1.1976379106274222,0.719429415044334,0.46621663136578906,0.36507651412985426,-1.3745288222119578,-1.6998165433021521,-1.5504041421909114,-1.5871791446497792,-1.4191944556017324,-1.2469637699115432,-0.9968621440829285,0.2034353335544733,0.14786345707575765,0.97788737998098874,0.68942039348251016,-0.19868702255084605,0.10384648643397441,0.58098588121641204,-0.66859581202203666,-0.38734607414687156,-0.063626156187758992,-0.73556251451114851,-0.28413070060380852,-0.37124933097953433,-0.39618445400682134,-0.47183809464680637,0.35342023097649994,-0.59473775135143292,0.42391503082718507,0.1696399883369813,0.12508531846687002,-0.37460717692370821,0.23804515909279031,-0.35606654818379418,-0.46011524459505043,-0.91683034977469846,-0.71923089597786138,0.38212319131226469,-0.04080795754691121,-0.096228661596310577,0.71962611313393332,0.037522974150585642,-1.6402414276173345,-1.3095258810902428,-0.77248688064614202,-0.62123332429943912,-0.076390014056157321,0.5175403226712989,0.9150914224847041,0.75347039505193536,0.55148731206385293,1.316283862584698
Taurus(A3),3.3032678250017615,2.0475452400543213,2.5047396934921657,2.8764403087240513,1.8790316653805079,-0.38452018338811611,-0.166564636813996,-0.70018135533696246,0.69360368936535222,-0.10628810752526317,0.22095317527313738,0.78152482378273391,0.4125543347234058,0.53537479990885084,1.2201014142055551,0.89513862946960676,-0.89693406123208086,-0.80258030283466009,-0.97979458374515693,-1.0895288632102558,-0.31942034762249771,-0.88294068863890185,0.43839156270180102,0.0097736662406567847,-0.59910252359023231,-0.89750964110183951,-1.1344080336534577,-0.80736537878699355,-0.52220062688241986,-0.2397908015650444,0.22022298966729606,1.085393109925167,2.6638537469661872,2.6454874917703641,-0.23652371432424121,-1.3443455516911063,-1.5451743673031679,-0.94595417875042065,0.65999282625116518,-0.11482339755968435,-0.11976265436491706,0.51588367416803638,-0.21264466528243764,-0.93661332060955571,0.56774253641404249,1.1682152267225241,-0.076909568865701605,-0.42923136679488222,-0.91791582565290264,-0.86722737921176452,-1.2007871344865126,-0.44436655323332369,0.049728666394828765,-0.32830738425049594,-0.62641864631564237,-1.3587267752566334,-0.84166573270569256,-0.10706254364940228,1.1527503208877985,1.0551044006959847,0.045879249658263226,0.15819839840889532,-0.065745982732440283,-1.2437052306711036,-0.29229604337284953,-0.2730777379789916,-0.39495712904844499,0.65463191604797866,0.32774740946670178,0.098108869635999005,0.22789508997110633,0.21207682134187486,-1.137204431600455,0.2993214554576496,0.0057932584099415398,-0.24231510885359928,-0.32099297105902985,0.067119205645025534,-0.63236674789611091,-0.73904209696851597,-1.0409116231570161,-0.93950959288399472,0.096082954996662723,-0.19965624348830574,-0.022382552301251038,0.59343474484595238,0.27169626141137904,-1.8178115189354866,-1.720422978397772,-1.1341213564802388,-0.49132820028958207,-0.02193148577230072,-0.019321455404273911,0.76655614214352874,0.48412489251892804,0.63753082273301065,1.3836780726480102
Tiffany(A3),2.829916615015196,3.0955866814947361,3.4577124355072546,2.6327119312756819,1.762724664579195,-0.51246895281367855,-0.80735511134704974,-1.1568438987922924,0.75188977067960827,-0.037509360745541218,0.23127357814933114,0.47281452230696647,0.56713886528651691,0.76678962885204804,0.92579406683789678,1.0383420527840803,-0.18728922554457636,-0.27227100396405834,-0.43007139132327943,-0.95041181732894631,-0.61595027657109613,-0.59265753021391054,0.53228907221070676,-0.34211703151069972,-0.77898664599712464,-0.71966280710726294,-1.1188353245180083,-1.1888757537722305,-0.39875820539779705,-0.56241107708810256,0.70944902573552815,1.4458506266101181,2.7156939862674845,1.5036735668485699,-0.91791245446549075,-1.287674256887114,-2.044087649632397,-1.0771304166041478,0.21357036661295109,0.0087864314602710426,-0.27305451559633714,-0.12372440113371796,-0.04836895989888771,-0.91900964176225797,-0.2397170043823707,0.65049606400206006,0.0094947157753172088,0.56229696067111345,-0.092171830249819842,-0.54147025608869137,-1.5005129647996625,-0.98453187433190825,-0.043665186759836189,-0.20890036301579604,-0.89845635458885698,-0.96561101063842625,-0.7274446062092963,0.25945300544260125,0.91136840200246927,0.7347281526222742,0.36020745133011273,0.65548323049866464,-0.17489357696859598,-0.7845452226037225,0.15137543716707325,-0.369403099803783,-0.15571879043566669,0.83000678240231196,0.45833874906132238,0.02591656435213726,0.51489054974193071,0.34890386061185003,-0.60426005923662351,0.12038053127474392,-0.16695479189046367,-0.10691045609474797,-0.44936067643062855,-0.36107144949705811,-0.54021215576126702,-0.44225984387309708,-0.6350922503241726,-0.16219064037537317,-0.081002339305703566,0.10370984916535342,-0.4060912227473269,0.26037158277421718,-0.3632163692352271,-2.2406066884416203,-1.7486357946838396,-0.68498429144507522,-0.53544983829570836,-0.45385161907406851,-0.23221380145151668,0.93812028738653774,0.58466410224360732,0.35527531269249207,0.76735465932329994
Veracruz(A3),1.6467837128088336,0.71675700731997827,1.8679069421554255,2.6726722059856352,2.2694720165214446,0.86032469743043005,0.32966420848553202,-0.26073773341083828,0.050725663277234379,1.1389590727601564,0.82483250021046772,-0.025146943284102448,-0.55690649434226824,0.27021682710193307,0.96565118757970569,1.6771137528981221,1.0275564427468253,0.39039605966103369,-0.41132633836128241,-1.0146608724716006,-0.6629220976658533,0.54691177619018183,0.33354428234150446,0.55844771118326864,-0.36658645802380385,-1.12064375769935,-1.4832846693386936,-1.4442887021199533,-1.1381226316187907,-0.21085589776229904,-0.24840113646929143,-0.3367855631708081,0.50849381267894544,1.4826036923038486,0.53777044386990092,-0.95599158460455314,-1.5706170978588361,-0.77657048938564466,0.28909202037556614,-0.21672601701470912,0.042949170912872349,0.060128768536634583,-0.02345548788700921,-0.86942379342525278,-0.35305798943171163,-0.32706046821584511,-0.56351639935559994,-1.3402419359680386,-1.4231694079870383,-1.8803671001427198,-0.40275618859178602,0.67743615180312255,-0.22189859124582947,0.06937019815439846,-0.39480702895089831,0.057925875646909521,0.012144622397632787,0.31718889240428721,0.077596364518400532,0.10396077572553883,0.52363043754348915,0.062700122337105715,-0.32374235576107158,-1.3345358179277038,-1.2429377203568741,-1.1485367423107824,-1.8430669523288636,-1.1221315074303126,-0.3935656635705041,0.07235175528029987,0.36292873911266582,0.55655813973853374,-0.16371296289784756,-0.58728954943316558,-0.56134141457788622,-0.71780211569849361,-0.63326697066054605,-0.21743967493831937,-0.53708812635333314,-1.1536450113025973,-1.7394097068837933,-1.5623466682248661,-0.52608848195373947,0.018544761944342989,0.25748250062020894,0.24839264070817005,-0.015582617124838797,-0.3844902148740309,0.38471852947152957,1.0165741300376983,0.95262215409811157,1.2646477363593944,1.7442348792019893,2.1944965740618887,2.0239566136094722,2.739912580303451
Vix(A3),2.807266363222193,2.2744018048811792,3.1187097561653423,3.808841100840187,3.1838202263533906,0.33916429428228578,-0.25474173153645285,-0.42807117044712906,0.10000025915640369,0.75993289377874562,0.64893862681711234,0.92587837053550359,0.14187621965691055,0.50751067381646819,0.45235079293453828,1.0795246891479622,-0.65251534530412403,-0.97475665425013946,-0.84715687668020367,-0.85621940182438205,-0.80240126379578725,-0.91888964377469606,0.31513263101835526,-0.033535396262959836,-0.27282848595043691,-0.60958790935032547,-1.0900741539895999,-0.90527135571967254,-0.64634834466462554,-0.25861619973551103,0.011307728187982405,1.0755618302854533,2.0690271257541837,2.3129116253686277,-0.007546421730155589,-1.0161660468211193,-1.6243844947955934,-1.1362753704248707,0.14571896259700781,-0.19407727737097646,0.086615975373007789,0.15377974109736184,-0.12246209388348428,-0.55832192686548676,0.32575820582940462,0.69851786073966482,0.42798405930031269,-0.21578493808586707,-0.95841267042503997,-0.89465798664019913,-0.9156219483972301,-1.2160595746554077,-0.086798578388158007,-0.16408904131908514,-0.57816018141862657,-1.1835603429853101,-1.0342317688619509,-0.12238404205001616,0.92208902956888872,0.63299958856980898,0.24885716467558205,0.61964600834493677,0.033733599186804519,-0.47215296561579229,-0.049492716405092778,-0.36572568332397437,-0.98136271420649956,0.51649808218067361,0.12470987068324541,0.10318847585179412,0.38494375902162381,0.2691073239970162,-0.30933229647329741,-0.044557197459149218,-0.016910444197830006,0.09178300201039559,-0.36346154161590172,0.007852917233240022,-0.47893407806855559,-0.60458262183671707,-0.71452802967927953,-0.99597458933098559,0.012182149866204159,-0.19482177929720662,-0.49357371571211656,-0.0075168508333972985,-0.53653127762244723,-1.4481385974139465,-1.7053784496945938,-0.96126555433575389,-0.6670724765122259,-0.17336585064483206,-0.51359993305509433,0.25941482505037355,0.68969153394873239,0.09356410754637684,0.89749474686359487
Zetzy(A3),3.151891698044607,2.4445718326806811,3.1391221454251936,2.7828419377826465,2.1988762804789914,-0.14665978669288007,-0.66090155892437219,-0.79222424156786886,0.63535647705093934,0.58496647666023593,0.90632225241155973,1.2807150193257386,1.4615618196336837,0.79254029813731963,1.0577432165459961,-0.40781879707199892,-1.0130303551158735,-1.1056402576333606,-1.2125077583382164,-0.50439235274590155,-0.58546273122357562,-0.45207976075171191,-0.27808908307780178,-0.45272090539963727,-0.73963011901792108,-1.1453017984651379,-0.79323695392963822,-0.33595973460713058,0.35398623472136576,0.6435836790366346,0.60691551810473798,1.974744427648536,2.3202417511476465,0.16739851543573686,-0.8195274632073648,-1.1412548986903566,-1.3267050398643856,0.22154053473630658,-0.42229905616209262,-0.27509730854128434,0.17550102224739886,-0.61018872565933535,-1.1815691062338529,-0.56917476233684794,-0.025705029979781049,-0.57335165929639065,-0.82367474451420242,-0.75162650548550403,-0.83558085966412809,-0.60114982171349129,-0.18898825213926207,0.59574029727899169,0.54922238709260374,-0.33814845226722134,-1.1381886613427492,-0.98025499547779871,-0.003810520207510507,1.0153360565309564,0.7462569691982841,0.20222829670857653,0.24372797379326572,-0.085596155499535642,-0.66922191134445874,-0.21559074154282826,-0.53001251262821913,-0.8138400793555095,0.620392328185838,0.49931572837646993,0.70027724062963237,0.78910212741017172,0.45717861617028938,-0.27060701498482753,-0.22723375698157244,-0.15659935581390599,-0.21686131905069006,-0.89117207341176397,0.10235641037843944,-0.59790839613985969,-0.42179377577292637,-1.1466284491908594,-1.175224520979046,-0.20104316404914685,-0.46252103628220859,-0.42298452651429669,-0.7229766936060712,-0.62416548866191146,-1.0075942672335565,-1.4604148791579117,0.021990575046429761,1.0318096331205511,0.10524125111057646,0.97134514726063048
