	A	T	C	G	
244(E)	15011	12595	24795	22082
ABCat(E)	15194	12940	25237	22760
Abdiel(A4)	9051	9521	16428	16381
Abrogate(A1)	9539	9500	17162	16329
ABU(B1)	11534	11510	22616	23190
Acadian(B5)	11066	10995	23874	23929
Achebe(A4)	9065	9619	16422	16327
Adephagia(K1)	10578	9340	19398	20330
Adjutor(D1)	14582	11397	18745	19787
Adzzy(A2)	9629	10036	16738	16116
Aeneas(A1)	9750	9798	17489	16647
Aglet(A3)	8947	9337	16516	16066
Airmid(A5)	10257	10260	15764	14960
Akoma(B3)	11202	11101	23158	23250
Alice(C1)	29982	24198	51172	48049
Alma(A9)	9865	10097	16785	16430
Alsfro(A1)	9635	9358	17034	16109
Altwerkus(B1)	11445	11382	22426	22926
Amelie(K1)	9641	8935	18177	19686
Anaya(K1)	10821	9623	19629	20762
Angel(G)	7752	6052	13859	13778
Angelica(K1)	10550	9482	19176	20390
Anglerfish(A1)	9491	9640	16967	16281
AnnaL29(A1)	9404	9560	17388	16901
Annihilator(G)	7854	6139	13976	13924
Apizium(B1)	11442	11455	22342	22988
Aragog(A5)	9969	9928	15889	15026
Arbiter(B2)	10512	10371	22865	23421
Arcanine(A1)	9363	9610	17041	16259
ArcherS7(C1)	30458	24820	52086	49194
Archetta(A5)	9451	9224	14676	14058
Archie(L2)	14911	16572	19897	24891
Ardmore(F1)	10262	9817	15281	16781
Ares(B2)	10521	10389	22946	23580
Ariel(J)	21926	20877	33820	33178
Artemis2UCLA(A6)	9895	10307	16229	15913
Arturo(A4)	9012	9501	16524	16463
Astraea(C1)	30240	24456	51508	48668
Astro(A8)	10204	10069	16561	15660
Athena(B3)	11323	11217	23366	23503
Audrey(B3)	11204	11110	23124	23224
Ava3(C1)	30006	24425	51467	48568
Avani(F2)	10921	10337	16135	17077
Avrafan(G)	7862	6146	13981	13912
Babsiella(I1)	8808	7133	16627	15852
BabyRatchet(A3)	9007	9455	16165	16030
Bachome(A11)	9306	9440	16541	16366
Backyardigan(A4)	9049	9582	16399	16278
Badfish(B1)	11565	11545	22672	23248
BAKA(J)	22373	21485	33915	33915
Bangla1971(C1)	30092	24467	51569	48594
Banjo(B1)	11500	11401	22448	22947
Barnyard(H2)	16753	13468	19966	20610
BarrelRoll(K1)	10569	9352	19333	20418
Bask21(E)	15030	12826	24838	22303
Batiatus(F1)	11244	10791	17139	18563
BeanWater(C1)	30019	24329	51374	48339
BeesKnees(A1)	9410	9350	16847	16095
BEEST(K1)	10638	9397	19451	20420
BellusTerra(A4)	9014	9504	16403	16315
Benedict(A5)	10258	10279	15658	14888
Bernal13(T)	8180	6149	14183	13880
Bernardo(B3)	11181	11032	22941	23042
Bethlehem(A1)	9532	9672	16872	16174
BigMama(D1)	14589	11443	18762	19798
BigNuz(P)	8852	7442	16481	16209
BillKnuckles(A1)	9481	9467	16729	16144
Bipolar(F1)	11739	11046	17330	18870
BlackStallion(B1)	11549	11471	22576	23118
Blue7(A6)	9903	10302	16206	15877
Bob3(A1)	9460	9431	17121	16221
Bobi(F1)	11562	11125	17505	18987
Bongo(M1)	15252	15539	23769	25668
Boomer(F1)	11543	11017	17046	18431
BPBiebs31(A1)	9652	9783	17214	16522
BPs(G)	7863	6149	13980	13909
BQuat(G)	7861	6135	13982	13915
Breeniome(C1)	30048	24343	51437	48606
Breezona(L2)	15023	16457	20108	25064
Brocalys(F1)	11012	9916	16411	17412
Broseidon(A4)	9042	9525	16410	16397
Browncna(B4)	11339	10824	24466	24585
BruceB(G)	7859	6151	13986	13905
Bruin(E)	14951	12490	24791	21978
Bruiser(A4)	9035	9510	16443	16386
Brujita(I1)	8636	7000	16038	15383
Bruns(A1)	9600	9684	17317	16402
Bubbles123(F1)	11528	10738	17097	18284
BubbleTrouble(A4)	9033	9515	16459	16390
Bugsy(A2)	9208	9176	16135	15418
Bunnies(P)	8755	7306	16599	16162
Burger(A4)	9034	9511	16434	16392
Butters(N)	7650	6524	13936	13381
Butterscotch(D1)	14605	11430	18750	19777
BuzzLyseyear(F1)	11833	11262	17426	18898
Bxb1(A1)	9240	9135	16480	15695
Bxz1(C1)	30407	24588	52050	49057
Bxz2(A3)	8939	9296	16528	16149
Cabrinians(F1)	11292	10691	16567	18119
Cactus(E)	15111	12853	25118	22521
Caelakin(A4)	9031	9502	16445	16396
Cali(C1)	30226	24589	51703	48854
Camperdownii(A4)	8987	9449	16419	16276
CaptainTrips(F1)	11269	10789	16827	18443
Carcharodon(N)	8133	6613	14848	14086
Catalina(A9)	9844	10110	16932	16525
Catdawg(O)	12401	12553	23672	23482
Catera(C1)	29911	24314	51254	48287
Cerasum(F1)	10752	9901	16005	16978
Chadwick(A5)	9981	9893	15156	14391
Chah(B1)	11487	11445	22472	23046
Changeling(A2)	9287	9478	17378	16848
Charlie(N)	7950	6540	14684	13862
CharlieB(C1)	30303	24743	51872	48968
Che12(A2)	9413	9906	16671	16057
Che8(F1)	11756	11257	17559	18899
Che9c(I2)	10530	9222	18846	18452
Che9d(F2)	11446	10557	16660	17613
Cheetobro(K4)	9733	8607	18806	20107
Cherrybomb426(G)	7760	6053	13850	13793
ChipMunk(A2)	9905	10018	17326	16683
Chorkpop(B1)	11528	11458	22515	23005
ChrisnMich(B4)	11098	10682	24015	24633
Chunky(B1)	11456	11424	22416	22953
Cjw1(E)	15235	12772	25441	22483
Clarenza(A4)	9025	9513	16441	16393
CloudWang3(A6)	10036	10398	16414	16025
Colbert(B1)	11431	11277	22278	22788
Collard(K5)	11560	9587	19404	20844
Compostia(B3)	11294	11175	23285	23375
ConceptII(A1)	9715	9723	17371	16478
Conspiracy(A5)	10002	9988	15780	14985
Contagion(E)	14956	12579	24911	22087
Cooper(B4)	11122	10706	24120	24706
Corndog(O)	12092	12062	22842	22781
Corvo(A1)	9693	9682	17368	16582
Courthouse(J)	22155	21053	33941	33420
CREW(K1)	10602	9367	19383	20355
CrimD(K1)	10501	9306	19462	20529
Crossroads(L2)	14883	16372	19935	24939
Crownjwl(B1)	11473	11440	22567	23041
Cuco(A5)	9929	10020	15853	15163
Czyszczon1(E)	15109	12712	25069	22185
D29(A2)	8879	9041	15859	15357
Daenerys(F1)	11559	10757	17111	18616
Daffy(B1)	11524	11443	22531	22994
DaHudson(A3)	8930	9346	16508	16057
Daisy(B3)	11124	11012	23022	23087
Damien(H1)	16161	12832	19084	20309
Dandelion(C1)	30734	24846	52513	49475
Dante(F1)	11662	11129	17590	19271
DaVinci(A6)	9719	10103	16015	15710
DD5(A1)	9451	9449	16736	15985
DeadP(F1)	11081	10627	16670	18083
Delilah(C1)	30184	24491	51698	48754
Dhanush(A4)	9019	9518	16438	16398
DirtMcgirt(F1)	10820	10358	15920	17298
DLane(F1)	11496	10954	17559	18890
Donovan(P)	8428	7050	15952	15732
DonSanchon(B1)	11450	11325	22369	22871
Doom(A1)	9313	9298	16750	16060
Dori(Singleton)	11224	10752	20572	22065
Dorothy(F1)	11738	10980	17344	18804
DotProduct(F1)	10860	10315	16360	17828
Drago(F1)	10802	10326	15966	17317
Drazdys(C1)	30418	24773	51928	49162
DrDrey(E)	15512	13114	25781	22960
Dreamboat(A1)	9236	9201	16677	15969
DS6A(Singleton)	10307	8816	19207	22258
DTDevon(C1)	30622	24812	52107	49213
Duke13(J)	22408	21558	34010	33994
Dumbo(E)	15223	12802	25277	22434
Dusk(E)	15057	12805	24990	22487
Dylan(O)	11983	12162	22836	22834
Dynamix(A1)	9222	9144	16537	15725
Eagle(A4)	9042	9540	16445	16409
EagleEye(A2)	10240	10196	16441	16097
Eaglehorse(B2)	10517	10404	22957	23513
Echild(A2)	9613	9689	17292	16565
Edtherson(A1)	9335	9214	16903	16040
Elph10(E)	15017	12607	24943	22108
ElTiger69(A5)	10347	10366	15815	14977
Emerson(K1)	10637	9507	19504	20662
Empress(F1)	11296	10698	16827	18334
EmpTee(B1)	11481	11459	22436	23052
EmToTheThree(C1)	30277	24528	51826	48970
EpicPhail(A3)	8950	9372	16501	16061
Equemioh13(A2)	9612	9745	17157	16528
Eremos(B1)	11473	11444	22513	23042
EricB(A6)	9758	10130	16054	15760
EricMillard(J)	22737	21618	35076	34105
Eris(A4)	9013	9498	16460	16415
ErnieJ(C1)	29833	24211	51099	48100
Estave1(F1)	12016	11471	17973	19267
ET08(C1)	30245	24778	51627	48795
Et2Brutus(A11)	9465	9540	16810	16682
Euphoria(A1)	9688	9781	17439	16689
Eureka(E)	15347	12950	25268	22609
Evanesce(Q)	9506	7991	17906	18343
EvilGenius(A2)	9935	10017	17305	16678
Expelliarmus(A8)	10131	10021	16508	15614
Faith1(L2)	14912	16294	19931	24823
Fang(B1)	11549	11452	22502	23066
Farber(A3)	8681	8953	15986	15570
Fascinus(A1)	9391	9540	17020	16206
Fibonacci(A11)	9411	9605	16776	16670
Fionnbharth(K4)	9853	8727	19150	20346
Firecracker(O)	12244	12370	23416	23311
FireRed(E)	15235	12979	25488	22515
Fishburne(P)	8435	6985	16012	15677
FluffyNinja(B1)	11549	11471	22576	23120
Flux(A4)	9029	9508	16437	16396
ForGetIt(A5)	10054	10071	15861	15064
Forsytheast(A1)	9525	9599	17192	16379
Frederick(B4)	11354	10837	24370	24623
FriarPreacher(B1)	11497	11472	22441	23005
Frosty24(G)	7861	6146	13984	13910
Fruitloop(F1)	11421	10931	17295	18824
Funston(A4)	9014	9484	16457	16417
Fushigi(A1)	9176	9117	16467	15590
Gadjet(B3)	11111	10982	22877	22979
Gadost(A4)	9021	9492	16438	16425
GageAP(A1)	9409	9554	16831	16110
Gaia(Singleton)	18400	20651	23469	27940
Gengar(K5)	11645	9932	19172	20877
George(A5)	10022	10117	16108	15331
Ghost(C1)	30195	24660	51584	48728
Giles(Q)	9505	7991	17906	18344
GingkoMaracino(A3)	8852	9136	16235	15790
Girr(F1)	11533	10786	16948	18487
Gizmo(C1)	30662	25020	52302	49498
Gladiator(A6)	9858	10282	16217	15856
Goku(E)	15413	13016	25337	22717
Gomashi(G)	7864	6135	13989	13915
Goose(A10)	8627	9029	16520	16469
Graduation(A1)	9699	9607	17203	16314
Grum1(A3)	8946	9339	16544	16054
Gumball(D1)	14703	11509	18766	19829
Gumbie(F1)	11447	10722	16936	18282
Gyarad(B1)	11448	11343	22354	22859
Hades(F1)	10993	10234	16193	17566
Halley(J)	22474	21571	34635	33671
Halo(G)	7913	6160	14174	14042
Hammer(A6)	9837	10228	16103	15721
HamSlice(A4)	9025	9508	16424	16413
Hamulus(F1)	11171	10686	16876	18422
HanShotFirst(A1)	9498	9460	17268	16164
Harvey(B1)	11494	11368	22413	22918
Hawkeye(D2)	15910	13031	18686	19756
Heathcliff(B3)	11191	11098	23093	23246
Hedgerow(B2)	10521	10419	22960	23551
Heffalump(A2)	9574	9761	17252	16498
Hegedechwinu(F1)	11314	10764	16909	18359
Held(B1)	11488	11428	22478	22920
HelDan(A3)	8888	9251	16213	16012
Henry(E)	15205	12962	25236	22646
Hercules11(A3)	8960	9365	16514	16053
Hertubise(B1)	11537	11504	22546	23088
Hetaeria(B1)	11510	11439	22464	22992
HH92(Q)	9504	7992	17906	18344
HINdeR(A7)	9640	9913	16625	16439
Holli(A4)	8995	9482	16382	16303
Homura(K1)	10593	9374	19377	20364
Hope(G)	7862	6148	13982	13909
Hope4ever(A1)	9199	9175	16456	15625
Hopey(E)	15221	12755	25196	22414
HufflyPuff(E)	15245	12946	25525	22607
HUHilltop(P)	8446	6949	15913	15588
Ibhubesi(F1)	11094	10457	16449	17600
Ichabod(A1)	9645	9682	17404	16586
ICleared(A4)	9054	9536	16460	16390
Inventum(F1)	11410	10626	16833	18183
IronMan(A2)	9648	9966	17237	16616
IsaacEli(B1)	11567	11481	22619	23172
Island3(I1)	8674	7028	16113	15472
Jabbawokkie(F2)	11064	10429	16350	17370
JacAttac(B1)	11455	11426	22421	23009
JAMaL(B4)	11303	10834	24134	24570
Jasper(A1)	9302	9193	16572	15901
JAWS(K1)	10576	9370	19384	20419
JC27(A1)	9540	9429	17131	16069
Jebeks(P)	8169	6754	15487	15170
Jeffabunny(A6)	9289	9526	15211	14937
Jeon(Singleton)	10447	9308	18579	22574
Jerm(A2)	9710	9776	17193	16484
JewelBug(A6)	9535	9795	15662	15349
JHC117(A3)	8952	9373	16505	16047
Job42(F1)	11790	11370	17394	19072
Jobu08(A3)	8906	9322	16436	16015
JoeDirt(L1)	14659	16220	19683	24352
JoongJeon(A4)	9033	9486	16443	16404
Jovo(A5)	10069	10063	16026	15161
Joy99(K1)	10607	9408	19404	20418
Jsquared(A2)	9699	10116	16920	16232
Kamiyu(B3)	11216	11105	23119	23193
Kampy(A4)	9043	9509	16433	16393
KayaCho(B4)	10712	10535	24653	24938
Kazan(A6)	9818	10235	16202	15905
KBG(A1)	9796	9719	17469	16588
Keshu(K3)	10594	9463	19860	21334
KFPoly(A4)	9031	9498	16428	16408
Kheth(B2)	10525	10414	22947	23520
Kikipoo(B1)	11566	11481	22619	23173
Kinbote(Q)	9506	7991	17906	18343
KingVeVeVe(B1)	11446	11347	22365	22885
KittenMittens(A10)	8682	9042	16039	16131
Klein(J)	22511	21570	34400	33848
Kloppinator(B1)	11508	11431	22490	23051
KLucky39(B1)	11452	11368	22405	22913
Koguma(C1)	30304	24670	51902	48883
Konstantine(H1)	15454	12395	18240	19346
Kostya(E)	15179	12934	25133	22565
Krakatau(F1)	10380	10047	15582	17049
Kratark(A4)	9055	9498	16462	16392
Kratio(K5)	11856	9682	19916	21284
KSSJEB(A1)	9338	9349	16683	16011
Kugel(A1)	9452	9490	17104	16333
Kykar(A1)	9165	9114	16388	15627
L5(A2)	9633	10105	16533	16026
Lamina13(A1)	9670	9681	17397	16507
Larenn(A2)	9643	9669	17170	16485
Larva(K5)	11906	9955	19789	21341
Lasso(B1)	11534	11498	22523	23021
Laurie(B2)	10350	10297	22584	23276
LeBron(L1)	14348	15889	19330	23886
LeeLot(B1)	11583	11528	22659	23151
Lego3393(B1)	11599	11523	22678	23237
LemonSlice(B1)	11482	11430	22468	22944
Lemur(A4)	9040	9505	16453	16372
Lesedi(A1)	9109	9187	16442	15748
LHTSCC(A4)	9091	9597	16567	16558
Liefie(G)	7821	6014	13984	13831
Lilac(E)	15276	12964	25400	22620
Lilith(A3)	8926	9350	16508	16057
LinStu(C1)	29929	24180	51403	48370
LittleCherry(A5)	9859	9944	15795	15092
LittleE(J)	21584	20583	33686	33233
LittleGuy(A4)	9000	9476	16367	16335
Littleton(C1)	30301	24659	51885	48955
LizLemon(B2)	10537	10421	22988	23550
Llama(F1)	11687	11078	17195	18512
Llij(F1)	11206	10665	16646	18335
Loadrie(L2)	14984	16413	20074	25021
Lockley(A1)	9378	9450	16714	15936
Loser(A2)	9395	9612	17520	16959
LRRHood(C1)	30058	24378	51484	48429
Lucky2013(J)	21623	20583	33500	32921
MacnCheese(K3)	10681	9462	20068	21356
MadamMonkfish(E)	15191	12747	25215	22401
Magnito(A1)	9312	9409	16849	16173
Mainiac(A3)	8931	9357	16500	16040
Malithi(P)	8438	6985	15901	15546
Mana(B1)	11523	11461	22510	22985
Manad(B1)	11564	11534	22580	23129
Manatee(A1)	9159	9322	16655	15904
Mantra(F1)	11395	10525	16900	18181
Marcell(A1)	8931	8790	16079	15386
Marie(A3)	8958	9357	16518	16044
MarQuardt(A3)	8956	9343	16524	16059
Marvin(S)	12471	11340	19770	21519
Maverick(A4)	9033	9490	16442	16407
McFly(A6)	9868	10324	16309	16001
McGuire(A1)	9362	9324	16813	16022
Medusa(A4)	9028	9505	16419	16432
MeeZee(A4)	9037	9504	16439	16388
Megatron(B1)	11578	11536	22657	23238
Melvin(A4)	9026	9525	16404	16414
Mendokysei(T)	8286	6352	14743	14130
MetalQZJ(A1)	9464	9442	16826	16122
Methuselah(A3)	8931	9289	16553	16118
MiaZeal(J)	22047	20981	34223	33513
MichelleMyBell(N)	7822	6527	14119	13772
Microwolf(A3)	8938	9352	16512	16062
MilleniumForce(F1)	11414	10793	17179	18720
Millski(A4)	9021	9505	16448	16400
Milly(K2)	9870	8576	19720	20045
Minerva(J)	22036	21094	33390	33351
Minnie(F1)	11786	11041	17393	19048
Misomonster(A3)	8533	8771	15761	15439
MisterCuddles(F1)	11534	10785	16948	18487
MitKao(B1)	11501	11451	22530	23011
MkaliMitinis3(L2)	14904	16282	19871	24787
MoMoMixon(C1)	30029	24431	51490	48623
MooMoo(Singleton)	11021	9964	16887	17306
Morgushi(B1)	11517	11404	22452	22934
Morpher26(A4)	9042	9573	16417	16262
Morty(B1)	11555	11515	22632	23176
Mosaic(B1)	11503	11433	22528	23024
Mosby(E)	14957	12580	24910	22086
MosMoris(S)	12556	11354	19798	21535
Mozy(F1)	11418	10889	16850	18121
MPlant7149(A1)	9340	9331	16713	15988
MRabcd(B1)	11543	11508	22608	23132
MrGordo(A1)	9236	9246	16607	15899
Muddy(Singleton)	10173	9684	13759	14612
Mufasa(K2)	9918	8528	19588	20031
Mulciber(A11)	9425	9594	16770	16639
Mundrea(A4)	8993	9484	16412	16368
Murdoc(B1)	11553	11485	22521	23041
Murica(E)	15432	13076	25719	22826
Murphy(E)	15291	12953	25368	22567
Murucutumbu(K1)	10617	9570	19591	20831
Museum(A1)	9308	9392	16781	15945
Mutaforma13(F1)	11522	10818	16972	18389
Myrna(C2)	32380	24513	55073	52636
Myxus(A9)	9848	10108	16954	16515
Naca(A5)	10427	10298	15883	14986
Nacho(B1)	11622	11558	22792	23349
Nala(E)	15188	12853	25369	22484
Nappy(C1)	30585	24787	52084	49190
NelitzaMV(E)	14596	12297	24202	21695
Newman(B1)	11536	11432	22570	23060
Nicholasp3(L2)	14880	16301	19926	24715
Nigel(B4)	11235	10895	23562	24212
Nilo(R)	17522	14066	19049	21115
Norbert(A3)	8878	9125	16081	15994
NoSleep(E)	14999	12636	24908	22112
Nova(D1)	14685	11568	18838	20017
NuevoMundo(C1)	30441	24536	51987	48979
NumberTen(B1)	11511	11461	22546	23089
Nyxis(A4)	9019	9470	16428	16333
Oaker(H1)	16332	13003	19261	20503
Obama12(A4)	9089	9577	16564	16567
OBUpride(Q)	9479	8000	17940	18371
Odin(A2)	9791	10117	16797	16102
Ogopogo(F1)	11468	10631	16800	17968
OkiRoe(K5)	11872	10098	19524	21167
Oline(B1)	11564	11534	22546	23076
OliverWalter(B1)	11563	11473	22632	23124
Ollie(A3)	8962	9312	16456	15991
Omega(J)	21964	20858	34063	33980
Omnicron(K5)	11838	10285	18786	20602
Oosterbaan(B1)	11540	11519	22579	23097
Optimus(J)	21914	20930	33190	33236
Orion(B1)	11462	11454	22474	23037
OrionPax(E)	15052	12722	25072	22255
OSmaximus(B1)	11691	11583	22679	23165
Ovechkin(F1)	11422	10744	17354	18818
P28Green(A3)	8960	9383	16509	16034
Pacc40(F1)	11775	10907	17211	18661
PackMan(A9)	9510	9703	16283	15843
Palestino(A4)	9038	9504	16435	16392
Papez(A1)	9591	9421	17170	16319
Papyrus(R)	17280	13825	18737	20815
Pari(A1)	9164	9294	16515	15641
Patience(Singleton)	18629	16410	16500	18967
PattyP(A1)	9486	9468	16932	16171
PBI1(D1)	14579	11405	18738	19772
Peaches(A4)	9048	9513	16441	16374
PegLeg(M1)	15433	15695	23932	25895
Pepe(A1)	9068	9117	16634	15696
Perseus(A1)	9634	9650	17358	16500
Petp2012(A1)	9399	9379	16825	16100
PG1(B1)	11563	11550	22662	23224
Phacado(A4)	9033	9493	16437	16410
Phaedrus(B3)	11106	10978	22949	23057
Phantastic(A3)	8875	9259	16092	15875
Pharsalus(E)	15240	12789	25266	22484
PhatBacter(E)	15241	12975	25483	22518
Phatniss(F1)	11379	10773	16753	18388
Phaux(E)	15326	13033	25467	22653
Phelemich(B5)	11138	11122	23664	24191
Phighter1804(A4)	9035	9487	16503	16445
Phineas(P)	8528	6969	16034	15698
Phipps(B1)	11496	11409	22466	22922
Phlorence(A5)	9912	9820	15762	14909
Phlyer(B3)	11347	11212	23334	23485
Phoxy(A3)	8698	8935	15990	15644
Phreak(G)	7861	6148	13981	13911
PhrostyMug(A1)	9696	9786	17476	16678
Phrux(E)	15028	12575	24971	22137
Pier(C1)	30482	24734	52105	49150
Piglet(B1)	11539	11543	22693	23217
Pinto(A1)	9232	9224	16474	15680
Pio(C1)	30538	24704	52206	49310
Pipcraft(A4)	9022	9518	16441	16395
Pipefish(B3)	11320	11238	23147	23354
Pippy(F1)	11381	10432	16832	18018
Pipsqueak(B1)	11495	11383	22452	22998
Piro94(A2)	9570	9689	17032	16356
Pixie(K3)	10591	9402	19785	21369
Pleione(C1)	30284	24584	51825	48893
PLot(D1)	14652	11481	18804	19850
PMC(F1)	11307	10566	16739	18080
Pocahontas(A3)	8884	9119	16080	15994
Popcicle(A3)	8883	9117	16081	15994
Porky(E)	15397	12960	25380	22575
PotatoSplit(A3)	8950	9374	16499	16063
Power(A2)	9681	9812	17306	16596
Predator(H1)	16825	13823	18873	20589
Puhltonio(B1)	11527	11442	22442	22912
Pukovnik(A2)	9583	9848	17114	16347
Pumpkin(E)	14967	12626	24828	22070
Purky(P)	9141	7839	16918	16615
PurpleHaze(A3)	8590	8905	15744	15357
QBert(C1)	29821	24288	51320	48343
QuinnKiro(A3)	8882	9117	16076	15991
Qyrzula(B2)	10499	10354	22861	23474
Rakim(E)	15155	12967	25105	22479
Ramsey(F1)	11614	11103	17136	18725
Rebeuca(A10)	8744	9159	16598	16734
Redi(N)	7843	6577	14427	13747
Redno2(J)	21733	20634	33378	32552
RedRock(A2)	9359	9558	17412	17003
Reprobate(B5)	11128	11122	23674	24196
Rey(M2)	16502	16257	25152	25813
RhynO(A10)	8033	8203	15259	15244
RidgeCB(A1)	9165	9163	16716	15800
Ringer(A1)	9412	9537	16880	16189
RiverMonster(E)	15155	12765	25268	22377
Rizal(C1)	29919	24340	51257	48378
Rockstar(A3)	8440	8627	15451	15262
RockyHorror(F1)	11303	10745	16687	17984
RonRayGun(T)	8207	6219	14256	13914
Roscoe(B1)	11503	11448	22571	23081
Rosebush(B2)	10536	10412	22963	23569
Ruby(F1)	11527	10774	16947	18478
Rufus(A1)	9464	9461	17015	16417
Rumpelstiltskin(L2)	13677	14789	18115	22698
Ruotula(A1)	9587	9639	17139	16236
Rutherferd(A1)	9515	9469	17156	16224
Saal(F1)	11634	10731	17140	18270
Sabertooth(A4)	9040	9508	16429	16400
Sabia(A3)	8937	9360	16511	16047
Saintus(A8)	9638	9445	15545	14600
SamScheppers(K4)	10007	8883	19081	20380
SarFire(A1)	9698	9735	17560	16708
Scoot17C(B1)	11479	11444	22482	23027
ScottMcG(C1)	29974	24393	51651	48643
Scowl(A1)	9397	9323	16883	16087
SDcharge11(B1)	11395	11271	22256	22780
SeaBiscuit(A1)	9384	9435	16879	16083
Sebata(C1)	30238	24451	51801	48796
SemperFi(A2)	9658	9803	17248	16526
Send513(R)	17483	13999	19019	21046
Serendipity(B1)	11555	11524	22595	23130
Serenity(A2)	9533	9926	16637	15992
Serpentine(B1)	11532	11534	22654	23164
Severus(A10)	8676	9062	16032	16124
SG4(F1)	11593	10909	17383	19131
Shaka(A4)	9026	9530	16430	16383
Shauna1(F1)	11757	10956	17501	19101
Sheen(A7)	9537	9841	16775	16774
ShiLan(F1)	11947	11106	17698	19043
Shipwreck(P)	8865	7232	16503	16070
ShiVal(B1)	11452	11448	22420	23035
Shrimp(C1)	30290	24650	51860	48914
Sigman(B1)	11454	11424	22422	23011
Simpliphy(E)	15152	12712	25151	22351
SirDuracell(E)	15210	12959	25188	22616
SirHarley(D1)	14694	11503	18774	19820
SiSi(F1)	11133	10539	16605	18002
SkinnyPete(N)	7918	6711	14606	14243
SkiPole(A1)	9716	9600	17377	16444
Slarp(K4)	9734	8608	18807	20107
SmallFry(C1)	30220	24662	51673	48878
Smeadley(A8)	10157	10059	16544	15632
Smeagol(A1)	9659	9642	17365	16468
Solon(A1)	9034	8859	16286	15308
Sophia(B1)	11479	11405	22463	22959
Soto(B1)	11394	11261	22287	22802
Sparky(Singleton)	12269	9794	21224	20047
Spartacus(F1)	12086	11369	18004	19705
Spartan300(B1)	11494	11479	22484	23111
Spike509(A3)	8956	9326	16547	16160
Spoonbill(F1)	11133	10435	16319	17848
Spud(C1)	30148	24415	51599	48744
Squid(B1)	11538	11472	22546	23040
Squirty(F3)	11689	10975	18365	19256
Stark(E)	15025	12591	24977	22138
Stinger(B4)	11172	10725	23534	24210
Suffolk(B1)	11451	11375	22475	22961
Sulley(K1)	10585	9550	19248	20490
SuperAwesome(A6)	9883	10351	16371	16081
SuperGrey(F1)	11666	11050	17472	19158
SweetiePie(A2)	9628	9799	17244	16513
Swirley(A5)	9642	9726	15504	14845
Swish(B1)	11564	11476	22577	23118
Switzer(A1)	9451	9504	17082	16261
TA17A(B2)	10502	10379	22912	23531
Taj(F1)	11391	10938	17361	18860
TallGrassMM(B1)	11463	11392	22385	22893
Taquito(K4)	10078	8918	19030	20364
Target(A1)	9012	8861	15954	15270
Taurus(A3)	8958	9357	16518	16044
Teardrop(C1)	30208	24684	51639	48858
TeardropMSU(E)	15003	12678	24820	22395
Thanksgivukkah(A4)	9026	9503	16433	16408
Theia(A5)	10043	10161	16065	15274
Thibault(J)	21423	20264	32603	32037
Thor(A1)	9595	9641	17368	16454
Thora(B1)	11590	11492	22619	23138
ThreeOh3D2(B1)	11556	11546	22650	23240
Tiffany(A3)	8940	9341	16466	16021
Tiger(A5)	9867	9931	15600	14934
Timshel(A7)	9652	9984	16944	16698
TinaFeyge(A4)	9033	9503	16412	16419
TinyTim(C1)	29903	24273	51283	48358
TiroTheta9(A4)	9033	9515	16429	16390
TM4(K2)	9127	7708	17750	18212
Tortoise16(C1)	30045	24434	51537	48568
Toto(E)	15189	12893	25203	22648
Treddle(A1)	9640	9517	17375	16476
Trike(A10)	7846	8029	14478	14363
Tripl3t(A1)	9710	9740	17444	16671
Trixie(A2)	9424	9597	17590	16915
Troll4(D1)	14636	11462	18767	19753
Trouble(A1)	9562	9402	16973	16165
Trypo(B1)	11611	11500	22572	23115
Tuco(E)	15361	13094	25490	22999
Turbido(A2)	9698	9824	17197	16450
Turj99(A1)	9230	9320	16633	15978
Tweety(F1)	11569	10887	17335	18901
Twister(A10)	8789	9116	16546	16643
TygerBlood(A4)	9044	9508	16442	16379
Tyke(C1)	30556	24829	52042	49252
U2(A1)	9269	9345	16813	15850
Ukulele(E)	15110	12668	25088	22248
UncleHowie(B1)	11470	11310	22385	22851
UnionJack(A5)	9848	9824	15161	14325
UPIE(L1)	14446	15958	19405	23975
Validus(K1)	10375	9345	20763	21983
Velveteen(F1)	10934	9996	16282	17102
Veracruz(A3)	8882	9116	16074	15990
Violet(A1)	9485	9489	17238	16269
Vista(B1)	11536	11423	22518	23017
Vivaldi(B1)	11599	11545	22575	23154
Vix(A3)	8974	9349	16545	16095
VohminGhazi(A6)	9822	10245	16192	15896
Vortex(B1)	11514	11416	22466	22950
Wally(C1)	30241	24632	51630	48796
Wanda(J)	21939	21220	33404	33397
Wander(A4)	9040	9488	16428	16410
Waterdiva(B1)	11542	11525	22634	23165
Wee(F1)	11532	11102	17533	19063
Weiss13(R)	17450	14038	18924	21024
Whabigail7(A2)	9689	9803	17212	16463
Wheeler(A1)	9820	9838	17426	16504
Whirlwind(L3)	15352	15567	20810	24321
Wildcat(Singleton)	16027	17756	21141	23372
Wile(A4)	9041	9589	16409	16269
Willez(E)	14990	12648	24891	22047
Willis(C1)	30204	24642	51753	48877
Winky(L2)	15023	16457	20108	25065
Xavier(B1)	11500	11491	22480	23022
Xerxes(N)	8125	6618	14851	14104
Yahalom(B3)	11210	11089	23074	23109
Yoshand(B1)	11551	11478	22570	23120
Yoshi(F2)	11872	11013	17688	18141
YouGoGlencoco(B1)	11549	11481	22537	23041
YungJamal(O)	12138	12198	22962	22916
Zaka(A6)	9820	10245	16169	15888
Zapner(F2)	11081	10430	16391	17405
Zeenon(C1)	30215	24548	51747	48782
Zelda(B1)	11585	11512	22675	23167
Zemanar(B4)	11358	10769	24364	24601
Zephyr(A1)	9490	9377	17071	16382
Zetzy(A3)	8535	8814	15625	15255
Zeuska(A1)	9716	9721	17475	16686
ZoeJ(K2)	9718	8322	19393	19882
Zombie(G)	7860	6149	13974	13918
Zonia(B1)	11683	11628	22725	23235
ZygoTaiga(C1)	30595	24911	52262	49436
